,Province_State,Date,Confirmed_Cases
2262,Alabama,2020-03-01,0
2263,Alaska,2020-03-01,0
2264,American Samoa,2020-03-01,0
2265,Arizona,2020-03-01,1
2266,Arkansas,2020-03-01,0
2267,California,2020-03-01,12
2268,Colorado,2020-03-01,0
2269,Connecticut,2020-03-01,0
2270,Delaware,2020-03-01,0
2271,Diamond Princess,2020-03-01,0
2272,District of Columbia,2020-03-01,0
2273,Florida,2020-03-01,0
2274,Georgia,2020-03-01,0
2275,Grand Princess,2020-03-01,0
2276,Guam,2020-03-01,0
2277,Hawaii,2020-03-01,0
2278,Idaho,2020-03-01,0
2279,Illinois,2020-03-01,3
2280,Indiana,2020-03-01,0
2281,Iowa,2020-03-01,0
2282,Kansas,2020-03-01,0
2283,Kentucky,2020-03-01,0
2284,Louisiana,2020-03-01,0
2285,Maine,2020-03-01,0
2286,Maryland,2020-03-01,0
2287,Massachusetts,2020-03-01,1
2288,Michigan,2020-03-01,0
2289,Minnesota,2020-03-01,0
2290,Mississippi,2020-03-01,0
2291,Missouri,2020-03-01,0
2292,Montana,2020-03-01,0
2293,Nebraska,2020-03-01,0
2294,Nevada,2020-03-01,0
2295,New Hampshire,2020-03-01,0
2296,New Jersey,2020-03-01,0
2297,New Mexico,2020-03-01,0
2298,New York,2020-03-01,0
2299,North Carolina,2020-03-01,0
2300,North Dakota,2020-03-01,0
2301,Northern Mariana Islands,2020-03-01,0
2302,Ohio,2020-03-01,0
2303,Oklahoma,2020-03-01,0
2304,Oregon,2020-03-01,1
2305,Pennsylvania,2020-03-01,0
2306,Puerto Rico,2020-03-01,0
2307,Rhode Island,2020-03-01,1
2308,South Carolina,2020-03-01,0
2309,South Dakota,2020-03-01,0
2310,Tennessee,2020-03-01,0
2311,Texas,2020-03-01,0
2312,Utah,2020-03-01,0
2313,Vermont,2020-03-01,0
2314,Virgin Islands,2020-03-01,0
2315,Virginia,2020-03-01,0
2316,Washington,2020-03-01,11
2317,West Virginia,2020-03-01,0
2318,Wisconsin,2020-03-01,0
2319,Wyoming,2020-03-01,0
2320,Alabama,2020-03-02,0
2321,Alaska,2020-03-02,0
2322,American Samoa,2020-03-02,0
2323,Arizona,2020-03-02,1
2324,Arkansas,2020-03-02,0
2325,California,2020-03-02,21
2326,Colorado,2020-03-02,0
2327,Connecticut,2020-03-02,0
2328,Delaware,2020-03-02,0
2329,Diamond Princess,2020-03-02,0
2330,District of Columbia,2020-03-02,0
2331,Florida,2020-03-02,1
2332,Georgia,2020-03-02,0
2333,Grand Princess,2020-03-02,0
2334,Guam,2020-03-02,0
2335,Hawaii,2020-03-02,0
2336,Idaho,2020-03-02,0
2337,Illinois,2020-03-02,4
2338,Indiana,2020-03-02,0
2339,Iowa,2020-03-02,0
2340,Kansas,2020-03-02,0
2341,Kentucky,2020-03-02,0
2342,Louisiana,2020-03-02,0
2343,Maine,2020-03-02,0
2344,Maryland,2020-03-02,0
2345,Massachusetts,2020-03-02,1
2346,Michigan,2020-03-02,0
2347,Minnesota,2020-03-02,0
2348,Mississippi,2020-03-02,0
2349,Missouri,2020-03-02,0
2350,Montana,2020-03-02,0
2351,Nebraska,2020-03-02,0
2352,Nevada,2020-03-02,0
2353,New Hampshire,2020-03-02,1
2354,New Jersey,2020-03-02,0
2355,New Mexico,2020-03-02,0
2356,New York,2020-03-02,1
2357,North Carolina,2020-03-02,0
2358,North Dakota,2020-03-02,0
2359,Northern Mariana Islands,2020-03-02,0
2360,Ohio,2020-03-02,0
2361,Oklahoma,2020-03-02,0
2362,Oregon,2020-03-02,3
2363,Pennsylvania,2020-03-02,0
2364,Puerto Rico,2020-03-02,0
2365,Rhode Island,2020-03-02,2
2366,South Carolina,2020-03-02,0
2367,South Dakota,2020-03-02,0
2368,Tennessee,2020-03-02,0
2369,Texas,2020-03-02,0
2370,Utah,2020-03-02,0
2371,Vermont,2020-03-02,0
2372,Virgin Islands,2020-03-02,0
2373,Virginia,2020-03-02,0
2374,Washington,2020-03-02,18
2375,West Virginia,2020-03-02,0
2376,Wisconsin,2020-03-02,0
2377,Wyoming,2020-03-02,0
2378,Alabama,2020-03-03,0
2379,Alaska,2020-03-03,0
2380,American Samoa,2020-03-03,0
2381,Arizona,2020-03-03,1
2382,Arkansas,2020-03-03,0
2383,California,2020-03-03,25
2384,Colorado,2020-03-03,0
2385,Connecticut,2020-03-03,0
2386,Delaware,2020-03-03,0
2387,Diamond Princess,2020-03-03,0
2388,District of Columbia,2020-03-03,0
2389,Florida,2020-03-03,2
2390,Georgia,2020-03-03,2
2391,Grand Princess,2020-03-03,0
2392,Guam,2020-03-03,0
2393,Hawaii,2020-03-03,0
2394,Idaho,2020-03-03,0
2395,Illinois,2020-03-03,4
2396,Indiana,2020-03-03,0
2397,Iowa,2020-03-03,0
2398,Kansas,2020-03-03,0
2399,Kentucky,2020-03-03,0
2400,Louisiana,2020-03-03,0
2401,Maine,2020-03-03,0
2402,Maryland,2020-03-03,0
2403,Massachusetts,2020-03-03,2
2404,Michigan,2020-03-03,0
2405,Minnesota,2020-03-03,0
2406,Mississippi,2020-03-03,0
2407,Missouri,2020-03-03,0
2408,Montana,2020-03-03,0
2409,Nebraska,2020-03-03,0
2410,Nevada,2020-03-03,0
2411,New Hampshire,2020-03-03,2
2412,New Jersey,2020-03-03,0
2413,New Mexico,2020-03-03,0
2414,New York,2020-03-03,2
2415,North Carolina,2020-03-03,1
2416,North Dakota,2020-03-03,0
2417,Northern Mariana Islands,2020-03-03,0
2418,Ohio,2020-03-03,0
2419,Oklahoma,2020-03-03,0
2420,Oregon,2020-03-03,3
2421,Pennsylvania,2020-03-03,0
2422,Puerto Rico,2020-03-03,0
2423,Rhode Island,2020-03-03,2
2424,South Carolina,2020-03-03,0
2425,South Dakota,2020-03-03,0
2426,Tennessee,2020-03-03,0
2427,Texas,2020-03-03,0
2428,Utah,2020-03-03,0
2429,Vermont,2020-03-03,0
2430,Virgin Islands,2020-03-03,0
2431,Virginia,2020-03-03,0
2432,Washington,2020-03-03,27
2433,West Virginia,2020-03-03,0
2434,Wisconsin,2020-03-03,0
2435,Wyoming,2020-03-03,0
2436,Alabama,2020-03-04,0
2437,Alaska,2020-03-04,0
2438,American Samoa,2020-03-04,0
2439,Arizona,2020-03-04,1
2440,Arkansas,2020-03-04,0
2441,California,2020-03-04,35
2442,Colorado,2020-03-04,0
2443,Connecticut,2020-03-04,0
2444,Delaware,2020-03-04,0
2445,Diamond Princess,2020-03-04,0
2446,District of Columbia,2020-03-04,0
2447,Florida,2020-03-04,2
2448,Georgia,2020-03-04,2
2449,Grand Princess,2020-03-04,0
2450,Guam,2020-03-04,0
2451,Hawaii,2020-03-04,0
2452,Idaho,2020-03-04,0
2453,Illinois,2020-03-04,4
2454,Indiana,2020-03-04,0
2455,Iowa,2020-03-04,0
2456,Kansas,2020-03-04,0
2457,Kentucky,2020-03-04,0
2458,Louisiana,2020-03-04,0
2459,Maine,2020-03-04,0
2460,Maryland,2020-03-04,0
2461,Massachusetts,2020-03-04,2
2462,Michigan,2020-03-04,0
2463,Minnesota,2020-03-04,0
2464,Mississippi,2020-03-04,0
2465,Missouri,2020-03-04,0
2466,Montana,2020-03-04,0
2467,Nebraska,2020-03-04,0
2468,Nevada,2020-03-04,0
2469,New Hampshire,2020-03-04,2
2470,New Jersey,2020-03-04,0
2471,New Mexico,2020-03-04,0
2472,New York,2020-03-04,11
2473,North Carolina,2020-03-04,1
2474,North Dakota,2020-03-04,0
2475,Northern Mariana Islands,2020-03-04,0
2476,Ohio,2020-03-04,0
2477,Oklahoma,2020-03-04,0
2478,Oregon,2020-03-04,3
2479,Pennsylvania,2020-03-04,0
2480,Puerto Rico,2020-03-04,0
2481,Rhode Island,2020-03-04,2
2482,South Carolina,2020-03-04,0
2483,South Dakota,2020-03-04,0
2484,Tennessee,2020-03-04,0
2485,Texas,2020-03-04,0
2486,Utah,2020-03-04,0
2487,Vermont,2020-03-04,0
2488,Virgin Islands,2020-03-04,0
2489,Virginia,2020-03-04,0
2490,Washington,2020-03-04,39
2491,West Virginia,2020-03-04,0
2492,Wisconsin,2020-03-04,0
2493,Wyoming,2020-03-04,0
2494,Alabama,2020-03-05,0
2495,Alaska,2020-03-05,0
2496,American Samoa,2020-03-05,0
2497,Arizona,2020-03-05,1
2498,Arkansas,2020-03-05,0
2499,California,2020-03-05,51
2500,Colorado,2020-03-05,0
2501,Connecticut,2020-03-05,0
2502,Delaware,2020-03-05,0
2503,Diamond Princess,2020-03-05,0
2504,District of Columbia,2020-03-05,0
2505,Florida,2020-03-05,3
2506,Georgia,2020-03-05,2
2507,Grand Princess,2020-03-05,0
2508,Guam,2020-03-05,0
2509,Hawaii,2020-03-05,0
2510,Idaho,2020-03-05,0
2511,Illinois,2020-03-05,5
2512,Indiana,2020-03-05,0
2513,Iowa,2020-03-05,0
2514,Kansas,2020-03-05,0
2515,Kentucky,2020-03-05,0
2516,Louisiana,2020-03-05,0
2517,Maine,2020-03-05,0
2518,Maryland,2020-03-05,0
2519,Massachusetts,2020-03-05,2
2520,Michigan,2020-03-05,0
2521,Minnesota,2020-03-05,0
2522,Mississippi,2020-03-05,0
2523,Missouri,2020-03-05,0
2524,Montana,2020-03-05,0
2525,Nebraska,2020-03-05,0
2526,Nevada,2020-03-05,1
2527,New Hampshire,2020-03-05,2
2528,New Jersey,2020-03-05,2
2529,New Mexico,2020-03-05,0
2530,New York,2020-03-05,23
2531,North Carolina,2020-03-05,1
2532,North Dakota,2020-03-05,0
2533,Northern Mariana Islands,2020-03-05,0
2534,Ohio,2020-03-05,0
2535,Oklahoma,2020-03-05,0
2536,Oregon,2020-03-05,3
2537,Pennsylvania,2020-03-05,0
2538,Puerto Rico,2020-03-05,0
2539,Rhode Island,2020-03-05,2
2540,South Carolina,2020-03-05,0
2541,South Dakota,2020-03-05,0
2542,Tennessee,2020-03-05,1
2543,Texas,2020-03-05,3
2544,Utah,2020-03-05,0
2545,Vermont,2020-03-05,0
2546,Virgin Islands,2020-03-05,0
2547,Virginia,2020-03-05,0
2548,Washington,2020-03-05,70
2549,West Virginia,2020-03-05,0
2550,Wisconsin,2020-03-05,0
2551,Wyoming,2020-03-05,0
2552,Alabama,2020-03-06,0
2553,Alaska,2020-03-06,0
2554,American Samoa,2020-03-06,0
2555,Arizona,2020-03-06,2
2556,Arkansas,2020-03-06,0
2557,California,2020-03-06,59
2558,Colorado,2020-03-06,3
2559,Connecticut,2020-03-06,0
2560,Delaware,2020-03-06,0
2561,Diamond Princess,2020-03-06,0
2562,District of Columbia,2020-03-06,0
2563,Florida,2020-03-06,3
2564,Georgia,2020-03-06,3
2565,Grand Princess,2020-03-06,0
2566,Guam,2020-03-06,0
2567,Hawaii,2020-03-06,0
2568,Idaho,2020-03-06,0
2569,Illinois,2020-03-06,5
2570,Indiana,2020-03-06,1
2571,Iowa,2020-03-06,0
2572,Kansas,2020-03-06,0
2573,Kentucky,2020-03-06,1
2574,Louisiana,2020-03-06,0
2575,Maine,2020-03-06,0
2576,Maryland,2020-03-06,3
2577,Massachusetts,2020-03-06,6
2578,Michigan,2020-03-06,0
2579,Minnesota,2020-03-06,1
2580,Mississippi,2020-03-06,0
2581,Missouri,2020-03-06,0
2582,Montana,2020-03-06,0
2583,Nebraska,2020-03-06,1
2584,Nevada,2020-03-06,2
2585,New Hampshire,2020-03-06,2
2586,New Jersey,2020-03-06,2
2587,New Mexico,2020-03-06,0
2588,New York,2020-03-06,31
2589,North Carolina,2020-03-06,2
2590,North Dakota,2020-03-06,0
2591,Northern Mariana Islands,2020-03-06,0
2592,Ohio,2020-03-06,0
2593,Oklahoma,2020-03-06,0
2594,Oregon,2020-03-06,3
2595,Pennsylvania,2020-03-06,2
2596,Puerto Rico,2020-03-06,0
2597,Rhode Island,2020-03-06,2
2598,South Carolina,2020-03-06,0
2599,South Dakota,2020-03-06,0
2600,Tennessee,2020-03-06,1
2601,Texas,2020-03-06,4
2602,Utah,2020-03-06,0
2603,Vermont,2020-03-06,0
2604,Virgin Islands,2020-03-06,0
2605,Virginia,2020-03-06,0
2606,Washington,2020-03-06,78
2607,West Virginia,2020-03-06,0
2608,Wisconsin,2020-03-06,0
2609,Wyoming,2020-03-06,0
2610,Alabama,2020-03-07,0
2611,Alaska,2020-03-07,0
2612,American Samoa,2020-03-07,0
2613,Arizona,2020-03-07,4
2614,Arkansas,2020-03-07,0
2615,California,2020-03-07,81
2616,Colorado,2020-03-07,7
2617,Connecticut,2020-03-07,0
2618,Delaware,2020-03-07,0
2619,Diamond Princess,2020-03-07,0
2620,District of Columbia,2020-03-07,0
2621,Florida,2020-03-07,7
2622,Georgia,2020-03-07,5
2623,Grand Princess,2020-03-07,0
2624,Guam,2020-03-07,0
2625,Hawaii,2020-03-07,1
2626,Idaho,2020-03-07,0
2627,Illinois,2020-03-07,6
2628,Indiana,2020-03-07,1
2629,Iowa,2020-03-07,0
2630,Kansas,2020-03-07,0
2631,Kentucky,2020-03-07,1
2632,Louisiana,2020-03-07,0
2633,Maine,2020-03-07,0
2634,Maryland,2020-03-07,3
2635,Massachusetts,2020-03-07,6
2636,Michigan,2020-03-07,0
2637,Minnesota,2020-03-07,1
2638,Mississippi,2020-03-07,0
2639,Missouri,2020-03-07,0
2640,Montana,2020-03-07,0
2641,Nebraska,2020-03-07,1
2642,Nevada,2020-03-07,2
2643,New Hampshire,2020-03-07,2
2644,New Jersey,2020-03-07,4
2645,New Mexico,2020-03-07,0
2646,New York,2020-03-07,76
2647,North Carolina,2020-03-07,2
2648,North Dakota,2020-03-07,0
2649,Northern Mariana Islands,2020-03-07,0
2650,Ohio,2020-03-07,0
2651,Oklahoma,2020-03-07,1
2652,Oregon,2020-03-07,6
2653,Pennsylvania,2020-03-07,2
2654,Puerto Rico,2020-03-07,0
2655,Rhode Island,2020-03-07,3
2656,South Carolina,2020-03-07,2
2657,South Dakota,2020-03-07,0
2658,Tennessee,2020-03-07,1
2659,Texas,2020-03-07,8
2660,Utah,2020-03-07,1
2661,Vermont,2020-03-07,0
2662,Virgin Islands,2020-03-07,0
2663,Virginia,2020-03-07,0
2664,Washington,2020-03-07,102
2665,West Virginia,2020-03-07,0
2666,Wisconsin,2020-03-07,0
2667,Wyoming,2020-03-07,0
2668,Alabama,2020-03-08,0
2669,Alaska,2020-03-08,0
2670,American Samoa,2020-03-08,0
2671,Arizona,2020-03-08,4
2672,Arkansas,2020-03-08,0
2673,California,2020-03-08,95
2674,Colorado,2020-03-08,7
2675,Connecticut,2020-03-08,0
2676,Delaware,2020-03-08,0
2677,Diamond Princess,2020-03-08,0
2678,District of Columbia,2020-03-08,0
2679,Florida,2020-03-08,10
2680,Georgia,2020-03-08,5
2681,Grand Princess,2020-03-08,0
2682,Guam,2020-03-08,0
2683,Hawaii,2020-03-08,1
2684,Idaho,2020-03-08,0
2685,Illinois,2020-03-08,7
2686,Indiana,2020-03-08,2
2687,Iowa,2020-03-08,0
2688,Kansas,2020-03-08,1
2689,Kentucky,2020-03-08,1
2690,Louisiana,2020-03-08,0
2691,Maine,2020-03-08,0
2692,Maryland,2020-03-08,5
2693,Massachusetts,2020-03-08,22
2694,Michigan,2020-03-08,0
2695,Minnesota,2020-03-08,1
2696,Mississippi,2020-03-08,0
2697,Missouri,2020-03-08,1
2698,Montana,2020-03-08,0
2699,Nebraska,2020-03-08,1
2700,Nevada,2020-03-08,4
2701,New Hampshire,2020-03-08,4
2702,New Jersey,2020-03-08,5
2703,New Mexico,2020-03-08,0
2704,New York,2020-03-08,106
2705,North Carolina,2020-03-08,2
2706,North Dakota,2020-03-08,0
2707,Northern Mariana Islands,2020-03-08,0
2708,Ohio,2020-03-08,0
2709,Oklahoma,2020-03-08,1
2710,Oregon,2020-03-08,14
2711,Pennsylvania,2020-03-08,6
2712,Puerto Rico,2020-03-08,0
2713,Rhode Island,2020-03-08,3
2714,South Carolina,2020-03-08,2
2715,South Dakota,2020-03-08,0
2716,Tennessee,2020-03-08,3
2717,Texas,2020-03-08,11
2718,Utah,2020-03-08,1
2719,Vermont,2020-03-08,1
2720,Virgin Islands,2020-03-08,0
2721,Virginia,2020-03-08,2
2722,Washington,2020-03-08,122
2723,West Virginia,2020-03-08,0
2724,Wisconsin,2020-03-08,0
2725,Wyoming,2020-03-08,0
2726,Alabama,2020-03-09,0
2727,Alaska,2020-03-09,0
2728,American Samoa,2020-03-09,0
2729,Arizona,2020-03-09,4
2730,Arkansas,2020-03-09,0
2731,California,2020-03-09,101
2732,Colorado,2020-03-09,7
2733,Connecticut,2020-03-09,0
2734,Delaware,2020-03-09,0
2735,Diamond Princess,2020-03-09,0
2736,District of Columbia,2020-03-09,0
2737,Florida,2020-03-09,13
2738,Georgia,2020-03-09,10
2739,Grand Princess,2020-03-09,0
2740,Guam,2020-03-09,0
2741,Hawaii,2020-03-09,1
2742,Idaho,2020-03-09,0
2743,Illinois,2020-03-09,7
2744,Indiana,2020-03-09,3
2745,Iowa,2020-03-09,3
2746,Kansas,2020-03-09,1
2747,Kentucky,2020-03-09,4
2748,Louisiana,2020-03-09,0
2749,Maine,2020-03-09,0
2750,Maryland,2020-03-09,5
2751,Massachusetts,2020-03-09,22
2752,Michigan,2020-03-09,0
2753,Minnesota,2020-03-09,2
2754,Mississippi,2020-03-09,0
2755,Missouri,2020-03-09,1
2756,Montana,2020-03-09,0
2757,Nebraska,2020-03-09,3
2758,Nevada,2020-03-09,4
2759,New Hampshire,2020-03-09,4
2760,New Jersey,2020-03-09,5
2761,New Mexico,2020-03-09,0
2762,New York,2020-03-09,142
2763,North Carolina,2020-03-09,2
2764,North Dakota,2020-03-09,0
2765,Northern Mariana Islands,2020-03-09,0
2766,Ohio,2020-03-09,0
2767,Oklahoma,2020-03-09,1
2768,Oregon,2020-03-09,14
2769,Pennsylvania,2020-03-09,7
2770,Puerto Rico,2020-03-09,0
2771,Rhode Island,2020-03-09,3
2772,South Carolina,2020-03-09,3
2773,South Dakota,2020-03-09,0
2774,Tennessee,2020-03-09,3
2775,Texas,2020-03-09,13
2776,Utah,2020-03-09,1
2777,Vermont,2020-03-09,1
2778,Virgin Islands,2020-03-09,0
2779,Virginia,2020-03-09,2
2780,Washington,2020-03-09,122
2781,West Virginia,2020-03-09,0
2782,Wisconsin,2020-03-09,0
2783,Wyoming,2020-03-09,0
2784,Alabama,2020-03-10,0
2785,Alaska,2020-03-10,0
2786,American Samoa,2020-03-10,0
2787,Arizona,2020-03-10,6
2788,Arkansas,2020-03-10,0
2789,California,2020-03-10,144
2790,Colorado,2020-03-10,14
2791,Connecticut,2020-03-10,1
2792,Delaware,2020-03-10,0
2793,Diamond Princess,2020-03-10,0
2794,District of Columbia,2020-03-10,0
2795,Florida,2020-03-10,15
2796,Georgia,2020-03-10,17
2797,Grand Princess,2020-03-10,0
2798,Guam,2020-03-10,0
2799,Hawaii,2020-03-10,3
2800,Idaho,2020-03-10,0
2801,Illinois,2020-03-10,12
2802,Indiana,2020-03-10,6
2803,Iowa,2020-03-10,8
2804,Kansas,2020-03-10,1
2805,Kentucky,2020-03-10,5
2806,Louisiana,2020-03-10,0
2807,Maine,2020-03-10,0
2808,Maryland,2020-03-10,8
2809,Massachusetts,2020-03-10,41
2810,Michigan,2020-03-10,0
2811,Minnesota,2020-03-10,2
2812,Mississippi,2020-03-10,0
2813,Missouri,2020-03-10,1
2814,Montana,2020-03-10,0
2815,Nebraska,2020-03-10,3
2816,Nevada,2020-03-10,4
2817,New Hampshire,2020-03-10,4
2818,New Jersey,2020-03-10,15
2819,New Mexico,2020-03-10,0
2820,New York,2020-03-10,150
2821,North Carolina,2020-03-10,7
2822,North Dakota,2020-03-10,0
2823,Northern Mariana Islands,2020-03-10,0
2824,Ohio,2020-03-10,3
2825,Oklahoma,2020-03-10,2
2826,Oregon,2020-03-10,14
2827,Pennsylvania,2020-03-10,12
2828,Puerto Rico,2020-03-10,0
2829,Rhode Island,2020-03-10,3
2830,South Carolina,2020-03-10,7
2831,South Dakota,2020-03-10,0
2832,Tennessee,2020-03-10,3
2833,Texas,2020-03-10,16
2834,Utah,2020-03-10,2
2835,Vermont,2020-03-10,1
2836,Virgin Islands,2020-03-10,0
2837,Virginia,2020-03-10,8
2838,Washington,2020-03-10,167
2839,West Virginia,2020-03-10,0
2840,Wisconsin,2020-03-10,3
2841,Wyoming,2020-03-10,0
2842,Alabama,2020-03-11,0
2843,Alaska,2020-03-11,0
2844,American Samoa,2020-03-11,0
2845,Arizona,2020-03-11,9
2846,Arkansas,2020-03-11,0
2847,California,2020-03-11,178
2848,Colorado,2020-03-11,30
2849,Connecticut,2020-03-11,3
2850,Delaware,2020-03-11,1
2851,Diamond Princess,2020-03-11,0
2852,District of Columbia,2020-03-11,0
2853,Florida,2020-03-11,24
2854,Georgia,2020-03-11,23
2855,Grand Princess,2020-03-11,0
2856,Guam,2020-03-11,0
2857,Hawaii,2020-03-11,2
2858,Idaho,2020-03-11,0
2859,Illinois,2020-03-11,25
2860,Indiana,2020-03-11,11
2861,Iowa,2020-03-11,13
2862,Kansas,2020-03-11,1
2863,Kentucky,2020-03-11,8
2864,Louisiana,2020-03-11,5
2865,Maine,2020-03-11,0
2866,Maryland,2020-03-11,9
2867,Massachusetts,2020-03-11,92
2868,Michigan,2020-03-11,2
2869,Minnesota,2020-03-11,5
2870,Mississippi,2020-03-11,0
2871,Missouri,2020-03-11,1
2872,Montana,2020-03-11,0
2873,Nebraska,2020-03-11,5
2874,Nevada,2020-03-11,7
2875,New Hampshire,2020-03-11,5
2876,New Jersey,2020-03-11,23
2877,New Mexico,2020-03-11,3
2878,New York,2020-03-11,220
2879,North Carolina,2020-03-11,7
2880,North Dakota,2020-03-11,0
2881,Northern Mariana Islands,2020-03-11,0
2882,Ohio,2020-03-11,4
2883,Oklahoma,2020-03-11,2
2884,Oregon,2020-03-11,19
2885,Pennsylvania,2020-03-11,16
2886,Puerto Rico,2020-03-11,0
2887,Rhode Island,2020-03-11,5
2888,South Carolina,2020-03-11,10
2889,South Dakota,2020-03-11,8
2890,Tennessee,2020-03-11,9
2891,Texas,2020-03-11,21
2892,Utah,2020-03-11,3
2893,Vermont,2020-03-11,1
2894,Virgin Islands,2020-03-11,0
2895,Virginia,2020-03-11,9
2896,Washington,2020-03-11,282
2897,West Virginia,2020-03-11,0
2898,Wisconsin,2020-03-11,4
2899,Wyoming,2020-03-11,0
2900,Alabama,2020-03-12,0
2901,Alaska,2020-03-12,0
2902,American Samoa,2020-03-12,0
2903,Arizona,2020-03-12,9
2904,Arkansas,2020-03-12,0
2905,California,2020-03-12,221
2906,Colorado,2020-03-12,45
2907,Connecticut,2020-03-12,5
2908,Delaware,2020-03-12,1
2909,Diamond Princess,2020-03-12,0
2910,District of Columbia,2020-03-12,0
2911,Florida,2020-03-12,30
2912,Georgia,2020-03-12,31
2913,Grand Princess,2020-03-12,0
2914,Guam,2020-03-12,0
2915,Hawaii,2020-03-12,2
2916,Idaho,2020-03-12,0
2917,Illinois,2020-03-12,32
2918,Indiana,2020-03-12,13
2919,Iowa,2020-03-12,14
2920,Kansas,2020-03-12,4
2921,Kentucky,2020-03-12,10
2922,Louisiana,2020-03-12,19
2923,Maine,2020-03-12,1
2924,Maryland,2020-03-12,12
2925,Massachusetts,2020-03-12,107
2926,Michigan,2020-03-12,2
2927,Minnesota,2020-03-12,9
2928,Mississippi,2020-03-12,1
2929,Missouri,2020-03-12,2
2930,Montana,2020-03-12,0
2931,Nebraska,2020-03-12,10
2932,Nevada,2020-03-12,10
2933,New Hampshire,2020-03-12,6
2934,New Jersey,2020-03-12,29
2935,New Mexico,2020-03-12,5
2936,New York,2020-03-12,327
2937,North Carolina,2020-03-12,15
2938,North Dakota,2020-03-12,1
2939,Northern Mariana Islands,2020-03-12,0
2940,Ohio,2020-03-12,5
2941,Oklahoma,2020-03-12,3
2942,Oregon,2020-03-12,24
2943,Pennsylvania,2020-03-12,22
2944,Puerto Rico,2020-03-12,0
2945,Rhode Island,2020-03-12,3
2946,South Carolina,2020-03-12,7
2947,South Dakota,2020-03-12,7
2948,Tennessee,2020-03-12,18
2949,Texas,2020-03-12,27
2950,Utah,2020-03-12,3
2951,Vermont,2020-03-12,2
2952,Virgin Islands,2020-03-12,0
2953,Virginia,2020-03-12,12
2954,Washington,2020-03-12,442
2955,West Virginia,2020-03-12,0
2956,Wisconsin,2020-03-12,8
2957,Wyoming,2020-03-12,1
2958,Alabama,2020-03-13,5
2959,Alaska,2020-03-13,1
2960,American Samoa,2020-03-13,0
2961,Arizona,2020-03-13,9
2962,Arkansas,2020-03-13,9
2963,California,2020-03-13,281
2964,Colorado,2020-03-13,76
2965,Connecticut,2020-03-13,11
2966,Delaware,2020-03-13,4
2967,Diamond Princess,2020-03-13,0
2968,District of Columbia,2020-03-13,0
2969,Florida,2020-03-13,50
2970,Georgia,2020-03-13,42
2971,Grand Princess,2020-03-13,0
2972,Guam,2020-03-13,0
2973,Hawaii,2020-03-13,2
2974,Idaho,2020-03-13,1
2975,Illinois,2020-03-13,46
2976,Indiana,2020-03-13,13
2977,Iowa,2020-03-13,17
2978,Kansas,2020-03-13,6
2979,Kentucky,2020-03-13,14
2980,Louisiana,2020-03-13,29
2981,Maine,2020-03-13,3
2982,Maryland,2020-03-13,18
2983,Massachusetts,2020-03-13,123
2984,Michigan,2020-03-13,16
2985,Minnesota,2020-03-13,14
2986,Mississippi,2020-03-13,6
2987,Missouri,2020-03-13,4
2988,Montana,2020-03-13,1
2989,Nebraska,2020-03-13,14
2990,Nevada,2020-03-13,18
2991,New Hampshire,2020-03-13,6
2992,New Jersey,2020-03-13,49
2993,New Mexico,2020-03-13,10
2994,New York,2020-03-13,421
2995,North Carolina,2020-03-13,17
2996,North Dakota,2020-03-13,1
2997,Northern Mariana Islands,2020-03-13,0
2998,Ohio,2020-03-13,12
2999,Oklahoma,2020-03-13,3
3000,Oregon,2020-03-13,30
3001,Pennsylvania,2020-03-13,41
3002,Puerto Rico,2020-03-13,0
3003,Rhode Island,2020-03-13,12
3004,South Carolina,2020-03-13,8
3005,South Dakota,2020-03-13,8
3006,Tennessee,2020-03-13,26
3007,Texas,2020-03-13,44
3008,Utah,2020-03-13,9
3009,Vermont,2020-03-13,2
3010,Virgin Islands,2020-03-13,0
3011,Virginia,2020-03-13,27
3012,Washington,2020-03-13,568
3013,West Virginia,2020-03-13,0
3014,Wisconsin,2020-03-13,19
3015,Wyoming,2020-03-13,1
3016,Alabama,2020-03-14,7
3017,Alaska,2020-03-14,1
3018,American Samoa,2020-03-14,0
3019,Arizona,2020-03-14,12
3020,Arkansas,2020-03-14,12
3021,California,2020-03-14,372
3022,Colorado,2020-03-14,101
3023,Connecticut,2020-03-14,23
3024,Delaware,2020-03-14,6
3025,Diamond Princess,2020-03-14,0
3026,District of Columbia,2020-03-14,0
3027,Florida,2020-03-14,76
3028,Georgia,2020-03-14,73
3029,Grand Princess,2020-03-14,0
3030,Guam,2020-03-14,0
3031,Hawaii,2020-03-14,4
3032,Idaho,2020-03-14,2
3033,Illinois,2020-03-14,64
3034,Indiana,2020-03-14,16
3035,Iowa,2020-03-14,17
3036,Kansas,2020-03-14,8
3037,Kentucky,2020-03-14,16
3038,Louisiana,2020-03-14,77
3039,Maine,2020-03-14,3
3040,Maryland,2020-03-14,27
3041,Massachusetts,2020-03-14,138
3042,Michigan,2020-03-14,25
3043,Minnesota,2020-03-14,21
3044,Mississippi,2020-03-14,6
3045,Missouri,2020-03-14,4
3046,Montana,2020-03-14,5
3047,Nebraska,2020-03-14,18
3048,Nevada,2020-03-14,20
3049,New Hampshire,2020-03-14,7
3050,New Jersey,2020-03-14,69
3051,New Mexico,2020-03-14,13
3052,New York,2020-03-14,613
3053,North Carolina,2020-03-14,25
3054,North Dakota,2020-03-14,1
3055,Northern Mariana Islands,2020-03-14,0
3056,Ohio,2020-03-14,26
3057,Oklahoma,2020-03-14,4
3058,Oregon,2020-03-14,36
3059,Pennsylvania,2020-03-14,47
3060,Puerto Rico,2020-03-14,0
3061,Rhode Island,2020-03-14,20
3062,South Carolina,2020-03-14,19
3063,South Dakota,2020-03-14,8
3064,Tennessee,2020-03-14,32
3065,Texas,2020-03-14,60
3066,Utah,2020-03-14,10
3067,Vermont,2020-03-14,5
3068,Virgin Islands,2020-03-14,0
3069,Virginia,2020-03-14,37
3070,Washington,2020-03-14,642
3071,West Virginia,2020-03-14,0
3072,Wisconsin,2020-03-14,27
3073,Wyoming,2020-03-14,2
3074,Alabama,2020-03-15,11
3075,Alaska,2020-03-15,1
3076,American Samoa,2020-03-15,0
3077,Arizona,2020-03-15,12
3078,Arkansas,2020-03-15,3
3079,California,2020-03-15,373
3080,Colorado,2020-03-15,99
3081,Connecticut,2020-03-15,24
3082,Delaware,2020-03-15,6
3083,Diamond Princess,2020-03-15,0
3084,District of Columbia,2020-03-15,0
3085,Florida,2020-03-15,100
3086,Georgia,2020-03-15,99
3087,Grand Princess,2020-03-15,0
3088,Guam,2020-03-15,0
3089,Hawaii,2020-03-15,6
3090,Idaho,2020-03-15,4
3091,Illinois,2020-03-15,66
3092,Indiana,2020-03-15,20
3093,Iowa,2020-03-15,18
3094,Kansas,2020-03-15,8
3095,Kentucky,2020-03-15,18
3096,Louisiana,2020-03-15,87
3097,Maine,2020-03-15,2
3098,Maryland,2020-03-15,24
3099,Massachusetts,2020-03-15,138
3100,Michigan,2020-03-15,32
3101,Minnesota,2020-03-15,21
3102,Mississippi,2020-03-15,6
3103,Missouri,2020-03-15,5
3104,Montana,2020-03-15,6
3105,Nebraska,2020-03-15,17
3106,Nevada,2020-03-15,20
3107,New Hampshire,2020-03-15,7
3108,New Jersey,2020-03-15,72
3109,New Mexico,2020-03-15,13
3110,New York,2020-03-15,615
3111,North Carolina,2020-03-15,32
3112,North Dakota,2020-03-15,1
3113,Northern Mariana Islands,2020-03-15,0
3114,Ohio,2020-03-15,30
3115,Oklahoma,2020-03-15,4
3116,Oregon,2020-03-15,36
3117,Pennsylvania,2020-03-15,47
3118,Puerto Rico,2020-03-15,0
3119,Rhode Island,2020-03-15,20
3120,South Carolina,2020-03-15,19
3121,South Dakota,2020-03-15,8
3122,Tennessee,2020-03-15,32
3123,Texas,2020-03-15,63
3124,Utah,2020-03-15,18
3125,Vermont,2020-03-15,5
3126,Virgin Islands,2020-03-15,0
3127,Virginia,2020-03-15,37
3128,Washington,2020-03-15,603
3129,West Virginia,2020-03-15,0
3130,Wisconsin,2020-03-15,28
3131,Wyoming,2020-03-15,2
3132,Alabama,2020-03-16,29
3133,Alaska,2020-03-16,1
3134,American Samoa,2020-03-16,0
3135,Arizona,2020-03-16,18
3136,Arkansas,2020-03-16,3
3137,California,2020-03-16,557
3138,Colorado,2020-03-16,132
3139,Connecticut,2020-03-16,41
3140,Delaware,2020-03-16,8
3141,Diamond Princess,2020-03-16,0
3142,District of Columbia,2020-03-16,22
3143,Florida,2020-03-16,101
3144,Georgia,2020-03-16,121
3145,Grand Princess,2020-03-16,20
3146,Guam,2020-03-16,3
3147,Hawaii,2020-03-16,8
3148,Idaho,2020-03-16,4
3149,Illinois,2020-03-16,83
3150,Indiana,2020-03-16,25
3151,Iowa,2020-03-16,23
3152,Kansas,2020-03-16,11
3153,Kentucky,2020-03-16,21
3154,Louisiana,2020-03-16,115
3155,Maine,2020-03-16,17
3156,Maryland,2020-03-16,42
3157,Massachusetts,2020-03-16,187
3158,Michigan,2020-03-16,54
3159,Minnesota,2020-03-16,53
3160,Mississippi,2020-03-16,12
3161,Missouri,2020-03-16,6
3162,Montana,2020-03-16,6
3163,Nebraska,2020-03-16,18
3164,Nevada,2020-03-16,45
3165,New Hampshire,2020-03-16,17
3166,New Jersey,2020-03-16,176
3167,New Mexico,2020-03-16,21
3168,New York,2020-03-16,967
3169,North Carolina,2020-03-16,39
3170,North Dakota,2020-03-16,1
3171,Northern Mariana Islands,2020-03-16,0
3172,Ohio,2020-03-16,50
3173,Oklahoma,2020-03-16,10
3174,Oregon,2020-03-16,39
3175,Pennsylvania,2020-03-16,79
3176,Puerto Rico,2020-03-16,5
3177,Rhode Island,2020-03-16,21
3178,South Carolina,2020-03-16,30
3179,South Dakota,2020-03-16,10
3180,Tennessee,2020-03-16,52
3181,Texas,2020-03-16,85
3182,Utah,2020-03-16,28
3183,Vermont,2020-03-16,12
3184,Virgin Islands,2020-03-16,1
3185,Virginia,2020-03-16,49
3186,Washington,2020-03-16,779
3187,West Virginia,2020-03-16,0
3188,Wisconsin,2020-03-16,48
3189,Wyoming,2020-03-16,2
3190,Alabama,2020-03-17,39
3191,Alaska,2020-03-17,3
3192,American Samoa,2020-03-17,0
3193,Arizona,2020-03-17,20
3194,Arkansas,2020-03-17,3
3195,California,2020-03-17,700
3196,Colorado,2020-03-17,167
3197,Connecticut,2020-03-17,68
3198,Delaware,2020-03-17,16
3199,Diamond Princess,2020-03-17,47
3200,District of Columbia,2020-03-17,22
3201,Florida,2020-03-17,190
3202,Georgia,2020-03-17,146
3203,Grand Princess,2020-03-17,21
3204,Guam,2020-03-17,3
3205,Hawaii,2020-03-17,10
3206,Idaho,2020-03-17,8
3207,Illinois,2020-03-17,161
3208,Indiana,2020-03-17,30
3209,Iowa,2020-03-17,23
3210,Kansas,2020-03-17,18
3211,Kentucky,2020-03-17,26
3212,Louisiana,2020-03-17,196
3213,Maine,2020-03-17,26
3214,Maryland,2020-03-17,60
3215,Massachusetts,2020-03-17,217
3216,Michigan,2020-03-17,63
3217,Minnesota,2020-03-17,59
3218,Mississippi,2020-03-17,21
3219,Missouri,2020-03-17,12
3220,Montana,2020-03-17,8
3221,Nebraska,2020-03-17,23
3222,Nevada,2020-03-17,55
3223,New Hampshire,2020-03-17,26
3224,New Jersey,2020-03-17,250
3225,New Mexico,2020-03-17,23
3226,New York,2020-03-17,1578
3227,North Carolina,2020-03-17,64
3228,North Dakota,2020-03-17,3
3229,Northern Mariana Islands,2020-03-17,0
3230,Ohio,2020-03-17,67
3231,Oklahoma,2020-03-17,17
3232,Oregon,2020-03-17,66
3233,Pennsylvania,2020-03-17,112
3234,Puerto Rico,2020-03-17,5
3235,Rhode Island,2020-03-17,23
3236,South Carolina,2020-03-17,47
3237,South Dakota,2020-03-17,11
3238,Tennessee,2020-03-17,74
3239,Texas,2020-03-17,110
3240,Utah,2020-03-17,39
3241,Vermont,2020-03-17,12
3242,Virgin Islands,2020-03-17,2
3243,Virginia,2020-03-17,67
3244,Washington,2020-03-17,955
3245,West Virginia,2020-03-17,0
3246,Wisconsin,2020-03-17,73
3247,Wyoming,2020-03-17,11
3248,Alabama,2020-03-18,51
3249,Alaska,2020-03-18,5
3250,American Samoa,2020-03-18,0
3251,Arizona,2020-03-18,27
3252,Arkansas,2020-03-18,4
3253,California,2020-03-18,828
3254,Colorado,2020-03-18,218
3255,Connecticut,2020-03-18,96
3256,Delaware,2020-03-18,19
3257,Diamond Princess,2020-03-18,47
3258,District of Columbia,2020-03-18,31
3259,Florida,2020-03-18,306
3260,Georgia,2020-03-18,197
3261,Grand Princess,2020-03-18,21
3262,Guam,2020-03-18,5
3263,Hawaii,2020-03-18,15
3264,Idaho,2020-03-18,9
3265,Illinois,2020-03-18,272
3266,Indiana,2020-03-18,38
3267,Iowa,2020-03-18,38
3268,Kansas,2020-03-18,22
3269,Kentucky,2020-03-18,28
3270,Louisiana,2020-03-18,257
3271,Maine,2020-03-18,35
3272,Maryland,2020-03-18,85
3273,Massachusetts,2020-03-18,252
3274,Michigan,2020-03-18,119
3275,Minnesota,2020-03-18,77
3276,Mississippi,2020-03-18,34
3277,Missouri,2020-03-18,18
3278,Montana,2020-03-18,10
3279,Nebraska,2020-03-18,24
3280,Nevada,2020-03-18,55
3281,New Hampshire,2020-03-18,37
3282,New Jersey,2020-03-18,397
3283,New Mexico,2020-03-18,28
3284,New York,2020-03-18,3038
3285,North Carolina,2020-03-18,92
3286,North Dakota,2020-03-18,6
3287,Northern Mariana Islands,2020-03-18,0
3288,Ohio,2020-03-18,89
3289,Oklahoma,2020-03-18,17
3290,Oregon,2020-03-18,75
3291,Pennsylvania,2020-03-18,155
3292,Puerto Rico,2020-03-18,5
3293,Rhode Island,2020-03-18,33
3294,South Carolina,2020-03-18,60
3295,South Dakota,2020-03-18,11
3296,Tennessee,2020-03-18,100
3297,Texas,2020-03-18,196
3298,Utah,2020-03-18,47
3299,Vermont,2020-03-18,13
3300,Virgin Islands,2020-03-18,2
3301,Virginia,2020-03-18,79
3302,Washington,2020-03-18,1022
3303,West Virginia,2020-03-18,1
3304,Wisconsin,2020-03-18,111
3305,Wyoming,2020-03-18,16
3306,Alabama,2020-03-19,78
3307,Alaska,2020-03-19,8
3308,American Samoa,2020-03-19,0
3309,Arizona,2020-03-19,45
3310,Arkansas,2020-03-19,62
3311,California,2020-03-19,1005
3312,Colorado,2020-03-19,277
3313,Connecticut,2020-03-19,159
3314,Delaware,2020-03-19,30
3315,Diamond Princess,2020-03-19,47
3316,District of Columbia,2020-03-19,40
3317,Florida,2020-03-19,432
3318,Georgia,2020-03-19,287
3319,Grand Princess,2020-03-19,22
3320,Guam,2020-03-19,12
3321,Hawaii,2020-03-19,25
3322,Idaho,2020-03-19,23
3323,Illinois,2020-03-19,422
3324,Indiana,2020-03-19,60
3325,Iowa,2020-03-19,44
3326,Kansas,2020-03-19,35
3327,Kentucky,2020-03-19,50
3328,Louisiana,2020-03-19,392
3329,Maine,2020-03-19,52
3330,Maryland,2020-03-19,107
3331,Massachusetts,2020-03-19,328
3332,Michigan,2020-03-19,259
3333,Minnesota,2020-03-19,89
3334,Mississippi,2020-03-19,50
3335,Missouri,2020-03-19,39
3336,Montana,2020-03-19,11
3337,Nebraska,2020-03-19,29
3338,Nevada,2020-03-19,95
3339,New Hampshire,2020-03-19,42
3340,New Jersey,2020-03-19,741
3341,New Mexico,2020-03-19,35
3342,New York,2020-03-19,5704
3343,North Carolina,2020-03-19,136
3344,North Dakota,2020-03-19,19
3345,Northern Mariana Islands,2020-03-19,0
3346,Ohio,2020-03-19,119
3347,Oklahoma,2020-03-19,44
3348,Oregon,2020-03-19,88
3349,Pennsylvania,2020-03-19,206
3350,Puerto Rico,2020-03-19,5
3351,Rhode Island,2020-03-19,44
3352,South Carolina,2020-03-19,80
3353,South Dakota,2020-03-19,14
3354,Tennessee,2020-03-19,154
3355,Texas,2020-03-19,306
3356,Utah,2020-03-19,62
3357,Vermont,2020-03-19,22
3358,Virgin Islands,2020-03-19,3
3359,Virginia,2020-03-19,103
3360,Washington,2020-03-19,1374
3361,West Virginia,2020-03-19,2
3362,Wisconsin,2020-03-19,159
3363,Wyoming,2020-03-19,18
3364,Alabama,2020-03-20,106
3365,Alaska,2020-03-20,11
3366,American Samoa,2020-03-20,0
3367,Arizona,2020-03-20,68
3368,Arkansas,2020-03-20,100
3369,California,2020-03-20,1243
3370,Colorado,2020-03-20,363
3371,Connecticut,2020-03-20,194
3372,Delaware,2020-03-20,39
3373,Diamond Princess,2020-03-20,49
3374,District of Columbia,2020-03-20,71
3375,Florida,2020-03-20,564
3376,Georgia,2020-03-20,485
3377,Grand Princess,2020-03-20,23
3378,Guam,2020-03-20,14
3379,Hawaii,2020-03-20,36
3380,Idaho,2020-03-20,36
3381,Illinois,2020-03-20,585
3382,Indiana,2020-03-20,86
3383,Iowa,2020-03-20,45
3384,Kansas,2020-03-20,48
3385,Kentucky,2020-03-20,64
3386,Louisiana,2020-03-20,537
3387,Maine,2020-03-20,56
3388,Maryland,2020-03-20,149
3389,Massachusetts,2020-03-20,413
3390,Michigan,2020-03-20,402
3391,Minnesota,2020-03-20,113
3392,Mississippi,2020-03-20,80
3393,Missouri,2020-03-20,73
3394,Montana,2020-03-20,20
3395,Nebraska,2020-03-20,37
3396,Nevada,2020-03-20,161
3397,New Hampshire,2020-03-20,53
3398,New Jersey,2020-03-20,890
3399,New Mexico,2020-03-20,42
3400,New York,2020-03-20,8403
3401,North Carolina,2020-03-20,189
3402,North Dakota,2020-03-20,26
3403,Northern Mariana Islands,2020-03-20,0
3404,Ohio,2020-03-20,173
3405,Oklahoma,2020-03-20,49
3406,Oregon,2020-03-20,114
3407,Pennsylvania,2020-03-20,311
3408,Puerto Rico,2020-03-20,14
3409,Rhode Island,2020-03-20,54
3410,South Carolina,2020-03-20,126
3411,South Dakota,2020-03-20,14
3412,Tennessee,2020-03-20,223
3413,Texas,2020-03-20,429
3414,Utah,2020-03-20,95
3415,Vermont,2020-03-20,29
3416,Virgin Islands,2020-03-20,3
3417,Virginia,2020-03-20,123
3418,Washington,2020-03-20,1524
3419,West Virginia,2020-03-20,8
3420,Wisconsin,2020-03-20,219
3421,Wyoming,2020-03-20,21
3422,Alabama,2020-03-21,131
3423,Alaska,2020-03-21,13
3424,American Samoa,2020-03-21,0
3425,Arizona,2020-03-21,104
3426,Arkansas,2020-03-21,122
3427,California,2020-03-21,1405
3428,Colorado,2020-03-21,475
3429,Connecticut,2020-03-21,194
3430,Delaware,2020-03-21,45
3431,Diamond Princess,2020-03-21,49
3432,District of Columbia,2020-03-21,98
3433,Florida,2020-03-21,763
3434,Georgia,2020-03-21,555
3435,Grand Princess,2020-03-21,23
3436,Guam,2020-03-21,15
3437,Hawaii,2020-03-21,36
3438,Idaho,2020-03-21,42
3439,Illinois,2020-03-21,753
3440,Indiana,2020-03-21,128
3441,Iowa,2020-03-21,69
3442,Kansas,2020-03-21,57
3443,Kentucky,2020-03-21,87
3444,Louisiana,2020-03-21,763
3445,Maine,2020-03-21,70
3446,Maryland,2020-03-21,193
3447,Massachusetts,2020-03-21,523
3448,Michigan,2020-03-21,540
3449,Minnesota,2020-03-21,134
3450,Mississippi,2020-03-21,140
3451,Missouri,2020-03-21,81
3452,Montana,2020-03-21,27
3453,Nebraska,2020-03-21,38
3454,Nevada,2020-03-21,161
3455,New Hampshire,2020-03-21,61
3456,New Jersey,2020-03-21,1327
3457,New Mexico,2020-03-21,55
3458,New York,2020-03-21,11727
3459,North Carolina,2020-03-21,256
3460,North Dakota,2020-03-21,28
3461,Northern Mariana Islands,2020-03-21,0
3462,Ohio,2020-03-21,247
3463,Oklahoma,2020-03-21,53
3464,Oregon,2020-03-21,137
3465,Pennsylvania,2020-03-21,399
3466,Puerto Rico,2020-03-21,21
3467,Rhode Island,2020-03-21,66
3468,South Carolina,2020-03-21,174
3469,South Dakota,2020-03-21,14
3470,Tennessee,2020-03-21,304
3471,Texas,2020-03-21,582
3472,Utah,2020-03-21,118
3473,Vermont,2020-03-21,49
3474,Virgin Islands,2020-03-21,6
3475,Virginia,2020-03-21,157
3476,Washington,2020-03-21,1793
3477,West Virginia,2020-03-21,12
3478,Wisconsin,2020-03-21,282
3479,Wyoming,2020-03-21,23
3480,Alabama,2020-03-22,157
3481,Alaska,2020-03-22,18
3482,American Samoa,2020-03-22,0
3483,Arizona,2020-03-22,152
3484,Arkansas,2020-03-22,165
3485,California,2020-03-22,1646
3486,Colorado,2020-03-22,591
3487,Connecticut,2020-03-22,327
3488,Delaware,2020-03-22,56
3489,Diamond Princess,2020-03-22,49
3490,District of Columbia,2020-03-22,102
3491,Florida,2020-03-22,1004
3492,Georgia,2020-03-22,621
3493,Grand Princess,2020-03-22,30
3494,Guam,2020-03-22,27
3495,Hawaii,2020-03-22,53
3496,Idaho,2020-03-22,42
3497,Illinois,2020-03-22,1049
3498,Indiana,2020-03-22,204
3499,Iowa,2020-03-22,90
3500,Kansas,2020-03-22,65
3501,Kentucky,2020-03-22,103
3502,Louisiana,2020-03-22,837
3503,Maine,2020-03-22,89
3504,Maryland,2020-03-22,244
3505,Massachusetts,2020-03-22,640
3506,Michigan,2020-03-22,1035
3507,Minnesota,2020-03-22,167
3508,Mississippi,2020-03-22,207
3509,Missouri,2020-03-22,100
3510,Montana,2020-03-22,34
3511,Nebraska,2020-03-22,51
3512,Nevada,2020-03-22,190
3513,New Hampshire,2020-03-22,73
3514,New Jersey,2020-03-22,1914
3515,New Mexico,2020-03-22,57
3516,New York,2020-03-22,15800
3517,North Carolina,2020-03-22,305
3518,North Dakota,2020-03-22,28
3519,Northern Mariana Islands,2020-03-22,0
3520,Ohio,2020-03-22,356
3521,Oklahoma,2020-03-22,67
3522,Oregon,2020-03-22,161
3523,Pennsylvania,2020-03-22,509
3524,Puerto Rico,2020-03-22,23
3525,Rhode Island,2020-03-22,83
3526,South Carolina,2020-03-22,196
3527,South Dakota,2020-03-22,21
3528,Tennessee,2020-03-22,393
3529,Texas,2020-03-22,643
3530,Utah,2020-03-22,162
3531,Vermont,2020-03-22,52
3532,Virgin Islands,2020-03-22,6
3533,Virginia,2020-03-22,220
3534,Washington,2020-03-22,1997
3535,West Virginia,2020-03-22,16
3536,Wisconsin,2020-03-22,381
3537,Wyoming,2020-03-22,26
3538,Alabama,2020-03-23,196
3539,Alaska,2020-03-23,30
3540,American Samoa,2020-03-23,0
3541,Arizona,2020-03-23,235
3542,Arkansas,2020-03-23,192
3543,California,2020-03-23,2108
3544,Colorado,2020-03-23,704
3545,Connecticut,2020-03-23,415
3546,Delaware,2020-03-23,68
3547,Diamond Princess,2020-03-23,49
3548,District of Columbia,2020-03-23,120
3549,Florida,2020-03-23,1227
3550,Georgia,2020-03-23,772
3551,Grand Princess,2020-03-23,28
3552,Guam,2020-03-23,29
3553,Hawaii,2020-03-23,56
3554,Idaho,2020-03-23,68
3555,Illinois,2020-03-23,1285
3556,Indiana,2020-03-23,270
3557,Iowa,2020-03-23,105
3558,Kansas,2020-03-23,84
3559,Kentucky,2020-03-23,123
3560,Louisiana,2020-03-23,1172
3561,Maine,2020-03-23,107
3562,Maryland,2020-03-23,290
3563,Massachusetts,2020-03-23,777
3564,Michigan,2020-03-23,1329
3565,Minnesota,2020-03-23,234
3566,Mississippi,2020-03-23,249
3567,Missouri,2020-03-23,187
3568,Montana,2020-03-23,34
3569,Nebraska,2020-03-23,51
3570,Nevada,2020-03-23,245
3571,New Hampshire,2020-03-23,101
3572,New Jersey,2020-03-23,2844
3573,New Mexico,2020-03-23,83
3574,New York,2020-03-23,20884
3575,North Carolina,2020-03-23,353
3576,North Dakota,2020-03-23,30
3577,Northern Mariana Islands,2020-03-23,0
3578,Ohio,2020-03-23,443
3579,Oklahoma,2020-03-23,81
3580,Oregon,2020-03-23,191
3581,Pennsylvania,2020-03-23,698
3582,Puerto Rico,2020-03-23,31
3583,Rhode Island,2020-03-23,106
3584,South Carolina,2020-03-23,298
3585,South Dakota,2020-03-23,28
3586,Tennessee,2020-03-23,614
3587,Texas,2020-03-23,758
3588,Utah,2020-03-23,257
3589,Vermont,2020-03-23,75
3590,Virgin Islands,2020-03-23,7
3591,Virginia,2020-03-23,254
3592,Washington,2020-03-23,2221
3593,West Virginia,2020-03-23,16
3594,Wisconsin,2020-03-23,425
3595,Wyoming,2020-03-23,26
3596,Alabama,2020-03-24,242
3597,Alaska,2020-03-24,34
3598,American Samoa,2020-03-24,0
3599,Arizona,2020-03-24,326
3600,Arkansas,2020-03-24,219
3601,California,2020-03-24,2538
3602,Colorado,2020-03-24,723
3603,Connecticut,2020-03-24,618
3604,Delaware,2020-03-24,104
3605,Diamond Princess,2020-03-24,49
3606,District of Columbia,2020-03-24,141
3607,Florida,2020-03-24,1412
3608,Georgia,2020-03-24,1026
3609,Grand Princess,2020-03-24,28
3610,Guam,2020-03-24,32
3611,Hawaii,2020-03-24,90
3612,Idaho,2020-03-24,81
3613,Illinois,2020-03-24,1537
3614,Indiana,2020-03-24,368
3615,Iowa,2020-03-24,124
3616,Kansas,2020-03-24,100
3617,Kentucky,2020-03-24,162
3618,Louisiana,2020-03-24,1388
3619,Maine,2020-03-24,118
3620,Maryland,2020-03-24,349
3621,Massachusetts,2020-03-24,1159
3622,Michigan,2020-03-24,1793
3623,Minnesota,2020-03-24,261
3624,Mississippi,2020-03-24,320
3625,Missouri,2020-03-24,257
3626,Montana,2020-03-24,51
3627,Nebraska,2020-03-24,66
3628,Nevada,2020-03-24,278
3629,New Hampshire,2020-03-24,101
3630,New Jersey,2020-03-24,3675
3631,New Mexico,2020-03-24,100
3632,New York,2020-03-24,25681
3633,North Carolina,2020-03-24,495
3634,North Dakota,2020-03-24,36
3635,Northern Mariana Islands,2020-03-24,0
3636,Ohio,2020-03-24,567
3637,Oklahoma,2020-03-24,106
3638,Oregon,2020-03-24,210
3639,Pennsylvania,2020-03-24,946
3640,Puerto Rico,2020-03-24,39
3641,Rhode Island,2020-03-24,124
3642,South Carolina,2020-03-24,342
3643,South Dakota,2020-03-24,30
3644,Tennessee,2020-03-24,772
3645,Texas,2020-03-24,955
3646,Utah,2020-03-24,298
3647,Vermont,2020-03-24,95
3648,Virgin Islands,2020-03-24,17
3649,Virginia,2020-03-24,293
3650,Washington,2020-03-24,2328
3651,West Virginia,2020-03-24,22
3652,Wisconsin,2020-03-24,481
3653,Wyoming,2020-03-24,29
3654,Alabama,2020-03-25,381
3655,Alaska,2020-03-25,41
3656,American Samoa,2020-03-25,0
3657,Arizona,2020-03-25,401
3658,Arkansas,2020-03-25,280
3659,California,2020-03-25,2998
3660,Colorado,2020-03-25,1021
3661,Connecticut,2020-03-25,875
3662,Delaware,2020-03-25,119
3663,Diamond Princess,2020-03-25,49
3664,District of Columbia,2020-03-25,187
3665,Florida,2020-03-25,1682
3666,Georgia,2020-03-25,1247
3667,Grand Princess,2020-03-25,28
3668,Guam,2020-03-25,37
3669,Hawaii,2020-03-25,91
3670,Idaho,2020-03-25,91
3671,Illinois,2020-03-25,1865
3672,Indiana,2020-03-25,477
3673,Iowa,2020-03-25,146
3674,Kansas,2020-03-25,134
3675,Kentucky,2020-03-25,197
3676,Louisiana,2020-03-25,1795
3677,Maine,2020-03-25,142
3678,Maryland,2020-03-25,425
3679,Massachusetts,2020-03-25,1838
3680,Michigan,2020-03-25,2296
3681,Minnesota,2020-03-25,286
3682,Mississippi,2020-03-25,377
3683,Missouri,2020-03-25,354
3684,Montana,2020-03-25,65
3685,Nebraska,2020-03-25,71
3686,Nevada,2020-03-25,323
3687,New Hampshire,2020-03-25,108
3688,New Jersey,2020-03-25,4402
3689,New Mexico,2020-03-25,113
3690,New York,2020-03-25,30841
3691,North Carolina,2020-03-25,590
3692,North Dakota,2020-03-25,45
3693,Northern Mariana Islands,2020-03-25,0
3694,Ohio,2020-03-25,704
3695,Oklahoma,2020-03-25,164
3696,Oregon,2020-03-25,266
3697,Pennsylvania,2020-03-25,1260
3698,Puerto Rico,2020-03-25,51
3699,Rhode Island,2020-03-25,132
3700,South Carolina,2020-03-25,424
3701,South Dakota,2020-03-25,41
3702,Tennessee,2020-03-25,916
3703,Texas,2020-03-25,1229
3704,Utah,2020-03-25,340
3705,Vermont,2020-03-25,125
3706,Virgin Islands,2020-03-25,17
3707,Virginia,2020-03-25,396
3708,Washington,2020-03-25,2591
3709,West Virginia,2020-03-25,39
3710,Wisconsin,2020-03-25,621
3711,Wyoming,2020-03-25,44
3712,Alabama,2020-03-26,517
3713,Alaska,2020-03-26,56
3714,American Samoa,2020-03-26,0
3715,Arizona,2020-03-26,508
3716,Arkansas,2020-03-26,335
3717,California,2020-03-26,3899
3718,Colorado,2020-03-26,1430
3719,Connecticut,2020-03-26,1012
3720,Delaware,2020-03-26,130
3721,Diamond Princess,2020-03-26,49
3722,District of Columbia,2020-03-26,231
3723,Florida,2020-03-26,2357
3724,Georgia,2020-03-26,1525
3725,Grand Princess,2020-03-26,28
3726,Guam,2020-03-26,45
3727,Hawaii,2020-03-26,95
3728,Idaho,2020-03-26,146
3729,Illinois,2020-03-26,2538
3730,Indiana,2020-03-26,645
3731,Iowa,2020-03-26,179
3732,Kansas,2020-03-26,172
3733,Kentucky,2020-03-26,247
3734,Louisiana,2020-03-26,2304
3735,Maine,2020-03-26,155
3736,Maryland,2020-03-26,583
3737,Massachusetts,2020-03-26,2417
3738,Michigan,2020-03-26,2845
3739,Minnesota,2020-03-26,344
3740,Mississippi,2020-03-26,485
3741,Missouri,2020-03-26,520
3742,Montana,2020-03-26,90
3743,Nebraska,2020-03-26,74
3744,Nevada,2020-03-26,420
3745,New Hampshire,2020-03-26,137
3746,New Jersey,2020-03-26,6876
3747,New Mexico,2020-03-26,113
3748,New York,2020-03-26,37877
3749,North Carolina,2020-03-26,738
3750,North Dakota,2020-03-26,51
3751,Northern Mariana Islands,2020-03-26,0
3752,Ohio,2020-03-26,868
3753,Oklahoma,2020-03-26,248
3754,Oregon,2020-03-26,316
3755,Pennsylvania,2020-03-26,1795
3756,Puerto Rico,2020-03-26,64
3757,Rhode Island,2020-03-26,165
3758,South Carolina,2020-03-26,424
3759,South Dakota,2020-03-26,46
3760,Tennessee,2020-03-26,1097
3761,Texas,2020-03-26,1563
3762,Utah,2020-03-26,396
3763,Vermont,2020-03-26,158
3764,Virgin Islands,2020-03-26,17
3765,Virginia,2020-03-26,466
3766,Washington,2020-03-26,3207
3767,West Virginia,2020-03-26,52
3768,Wisconsin,2020-03-26,728
3769,Wyoming,2020-03-26,53
3770,Alabama,2020-03-27,587
3771,Alaska,2020-03-27,58
3772,American Samoa,2020-03-27,0
3773,Arizona,2020-03-27,665
3774,Arkansas,2020-03-27,381
3775,California,2020-03-27,4657
3776,Colorado,2020-03-27,1433
3777,Connecticut,2020-03-27,1291
3778,Delaware,2020-03-27,163
3779,Diamond Princess,2020-03-27,49
3780,District of Columbia,2020-03-27,271
3781,Florida,2020-03-27,2900
3782,Georgia,2020-03-27,2000
3783,Grand Princess,2020-03-27,28
3784,Guam,2020-03-27,51
3785,Hawaii,2020-03-27,106
3786,Idaho,2020-03-27,205
3787,Illinois,2020-03-27,3024
3788,Indiana,2020-03-27,979
3789,Iowa,2020-03-27,235
3790,Kansas,2020-03-27,206
3791,Kentucky,2020-03-27,301
3792,Louisiana,2020-03-27,2744
3793,Maine,2020-03-27,168
3794,Maryland,2020-03-27,775
3795,Massachusetts,2020-03-27,3240
3796,Michigan,2020-03-27,3634
3797,Minnesota,2020-03-27,396
3798,Mississippi,2020-03-27,579
3799,Missouri,2020-03-27,666
3800,Montana,2020-03-27,109
3801,Nebraska,2020-03-27,82
3802,Nevada,2020-03-27,536
3803,New Hampshire,2020-03-27,158
3804,New Jersey,2020-03-27,8825
3805,New Mexico,2020-03-27,136
3806,New York,2020-03-27,44876
3807,North Carolina,2020-03-27,887
3808,North Dakota,2020-03-27,68
3809,Northern Mariana Islands,2020-03-27,0
3810,Ohio,2020-03-27,1137
3811,Oklahoma,2020-03-27,322
3812,Oregon,2020-03-27,416
3813,Pennsylvania,2020-03-27,2345
3814,Puerto Rico,2020-03-27,79
3815,Rhode Island,2020-03-27,203
3816,South Carolina,2020-03-27,542
3817,South Dakota,2020-03-27,58
3818,Tennessee,2020-03-27,1318
3819,Texas,2020-03-27,1937
3820,Utah,2020-03-27,472
3821,Vermont,2020-03-27,184
3822,Virgin Islands,2020-03-27,19
3823,Virginia,2020-03-27,607
3824,Washington,2020-03-27,3477
3825,West Virginia,2020-03-27,76
3826,Wisconsin,2020-03-27,926
3827,Wyoming,2020-03-27,70
3828,Alabama,2020-03-28,694
3829,Alaska,2020-03-28,85
3830,American Samoa,2020-03-28,0
3831,Arizona,2020-03-28,773
3832,Arkansas,2020-03-28,409
3833,California,2020-03-28,5095
3834,Colorado,2020-03-28,1740
3835,Connecticut,2020-03-28,1524
3836,Delaware,2020-03-28,214
3837,Diamond Princess,2020-03-28,49
3838,District of Columbia,2020-03-28,304
3839,Florida,2020-03-28,3763
3840,Georgia,2020-03-28,2366
3841,Grand Princess,2020-03-28,103
3842,Guam,2020-03-28,55
3843,Hawaii,2020-03-28,149
3844,Idaho,2020-03-28,234
3845,Illinois,2020-03-28,3491
3846,Indiana,2020-03-28,1233
3847,Iowa,2020-03-28,298
3848,Kansas,2020-03-28,266
3849,Kentucky,2020-03-28,380
3850,Louisiana,2020-03-28,3315
3851,Maine,2020-03-28,211
3852,Maryland,2020-03-28,995
3853,Massachusetts,2020-03-28,4257
3854,Michigan,2020-03-28,4650
3855,Minnesota,2020-03-28,441
3856,Mississippi,2020-03-28,663
3857,Missouri,2020-03-28,836
3858,Montana,2020-03-28,129
3859,Nebraska,2020-03-28,96
3860,Nevada,2020-03-28,626
3861,New Hampshire,2020-03-28,187
3862,New Jersey,2020-03-28,11124
3863,New Mexico,2020-03-28,208
3864,New York,2020-03-28,52410
3865,North Carolina,2020-03-28,1020
3866,North Dakota,2020-03-28,94
3867,Northern Mariana Islands,2020-03-28,0
3868,Ohio,2020-03-28,1406
3869,Oklahoma,2020-03-28,377
3870,Oregon,2020-03-28,479
3871,Pennsylvania,2020-03-28,2845
3872,Puerto Rico,2020-03-28,100
3873,Rhode Island,2020-03-28,239
3874,South Carolina,2020-03-28,660
3875,South Dakota,2020-03-28,68
3876,Tennessee,2020-03-28,1511
3877,Texas,2020-03-28,2455
3878,Utah,2020-03-28,602
3879,Vermont,2020-03-28,211
3880,Virgin Islands,2020-03-28,22
3881,Virginia,2020-03-28,740
3882,Washington,2020-03-28,4030
3883,West Virginia,2020-03-28,96
3884,Wisconsin,2020-03-28,1055
3885,Wyoming,2020-03-28,82
3886,Alabama,2020-03-29,825
3887,Alaska,2020-03-29,102
3888,American Samoa,2020-03-29,0
3889,Arizona,2020-03-29,919
3890,Arkansas,2020-03-29,426
3891,California,2020-03-29,5852
3892,Colorado,2020-03-29,2307
3893,Connecticut,2020-03-29,1993
3894,Delaware,2020-03-29,232
3895,Diamond Princess,2020-03-29,49
3896,District of Columbia,2020-03-29,342
3897,Florida,2020-03-29,4246
3898,Georgia,2020-03-29,2651
3899,Grand Princess,2020-03-29,103
3900,Guam,2020-03-29,56
3901,Hawaii,2020-03-29,149
3902,Idaho,2020-03-29,281
3903,Illinois,2020-03-29,4596
3904,Indiana,2020-03-29,1513
3905,Iowa,2020-03-29,336
3906,Kansas,2020-03-29,330
3907,Kentucky,2020-03-29,438
3908,Louisiana,2020-03-29,3540
3909,Maine,2020-03-29,253
3910,Maryland,2020-03-29,1239
3911,Massachusetts,2020-03-29,4955
3912,Michigan,2020-03-29,5488
3913,Minnesota,2020-03-29,503
3914,Mississippi,2020-03-29,759
3915,Missouri,2020-03-29,915
3916,Montana,2020-03-29,154
3917,Nebraska,2020-03-29,108
3918,Nevada,2020-03-29,920
3919,New Hampshire,2020-03-29,214
3920,New Jersey,2020-03-29,13386
3921,New Mexico,2020-03-29,237
3922,New York,2020-03-29,59648
3923,North Carolina,2020-03-29,1191
3924,North Dakota,2020-03-29,98
3925,Northern Mariana Islands,2020-03-29,0
3926,Ohio,2020-03-29,1653
3927,Oklahoma,2020-03-29,429
3928,Oregon,2020-03-29,548
3929,Pennsylvania,2020-03-29,3432
3930,Puerto Rico,2020-03-29,127
3931,Rhode Island,2020-03-29,294
3932,South Carolina,2020-03-29,774
3933,South Dakota,2020-03-29,90
3934,Tennessee,2020-03-29,1720
3935,Texas,2020-03-29,2792
3936,Utah,2020-03-29,720
3937,Vermont,2020-03-29,235
3938,Virgin Islands,2020-03-29,23
3939,Virginia,2020-03-29,890
3940,Washington,2020-03-29,4465
3941,West Virginia,2020-03-29,113
3942,Wisconsin,2020-03-29,1164
3943,Wyoming,2020-03-29,86
3944,Alabama,2020-03-30,899
3945,Alaska,2020-03-30,114
3946,American Samoa,2020-03-30,0
3947,Arizona,2020-03-30,1157
3948,Arkansas,2020-03-30,473
3949,California,2020-03-30,7138
3950,Colorado,2020-03-30,2311
3951,Connecticut,2020-03-30,2571
3952,Delaware,2020-03-30,264
3953,Diamond Princess,2020-03-30,49
3954,District of Columbia,2020-03-30,401
3955,Florida,2020-03-30,5473
3956,Georgia,2020-03-30,2808
3957,Grand Princess,2020-03-30,103
3958,Guam,2020-03-30,58
3959,Hawaii,2020-03-30,175
3960,Idaho,2020-03-30,340
3961,Illinois,2020-03-30,5056
3962,Indiana,2020-03-30,1786
3963,Iowa,2020-03-30,424
3964,Kansas,2020-03-30,372
3965,Kentucky,2020-03-30,479
3966,Louisiana,2020-03-30,4025
3967,Maine,2020-03-30,275
3968,Maryland,2020-03-30,1413
3969,Massachusetts,2020-03-30,5752
3970,Michigan,2020-03-30,6498
3971,Minnesota,2020-03-30,576
3972,Mississippi,2020-03-30,847
3973,Missouri,2020-03-30,1051
3974,Montana,2020-03-30,171
3975,Nebraska,2020-03-30,145
3976,Nevada,2020-03-30,1012
3977,New Hampshire,2020-03-30,314
3978,New Jersey,2020-03-30,16636
3979,New Mexico,2020-03-30,237
3980,New York,2020-03-30,66663
3981,North Carolina,2020-03-30,1313
3982,North Dakota,2020-03-30,109
3983,Northern Mariana Islands,2020-03-30,0
3984,Ohio,2020-03-30,1933
3985,Oklahoma,2020-03-30,481
3986,Oregon,2020-03-30,606
3987,Pennsylvania,2020-03-30,4155
3988,Puerto Rico,2020-03-30,174
3989,Rhode Island,2020-03-30,408
3990,South Carolina,2020-03-30,925
3991,South Dakota,2020-03-30,101
3992,Tennessee,2020-03-30,1917
3993,Texas,2020-03-30,3147
3994,Utah,2020-03-30,798
3995,Vermont,2020-03-30,256
3996,Virgin Islands,2020-03-30,30
3997,Virginia,2020-03-30,1020
3998,Washington,2020-03-30,4923
3999,West Virginia,2020-03-30,145
4000,Wisconsin,2020-03-30,1230
4001,Wyoming,2020-03-30,94
4002,Alabama,2020-03-31,987
4003,Alaska,2020-03-31,119
4004,American Samoa,2020-03-31,0
4005,Arizona,2020-03-31,1289
4006,Arkansas,2020-03-31,523
4007,California,2020-03-31,8210
4008,Colorado,2020-03-31,2966
4009,Connecticut,2020-03-31,3128
4010,Delaware,2020-03-31,319
4011,Diamond Princess,2020-03-31,49
4012,District of Columbia,2020-03-31,495
4013,Florida,2020-03-31,6741
4014,Georgia,2020-03-31,3929
4015,Grand Princess,2020-03-31,103
4016,Guam,2020-03-31,69
4017,Hawaii,2020-03-31,204
4018,Idaho,2020-03-31,515
4019,Illinois,2020-03-31,5994
4020,Indiana,2020-03-31,2158
4021,Iowa,2020-03-31,497
4022,Kansas,2020-03-31,434
4023,Kentucky,2020-03-31,628
4024,Louisiana,2020-03-31,5237
4025,Maine,2020-03-31,303
4026,Maryland,2020-03-31,1660
4027,Massachusetts,2020-03-31,6620
4028,Michigan,2020-03-31,7615
4029,Minnesota,2020-03-31,629
4030,Mississippi,2020-03-31,937
4031,Missouri,2020-03-31,1357
4032,Montana,2020-03-31,198
4033,Nebraska,2020-03-31,172
4034,Nevada,2020-03-31,1114
4035,New Hampshire,2020-03-31,357
4036,New Jersey,2020-03-31,18696
4037,New Mexico,2020-03-31,315
4038,New York,2020-03-31,75833
4039,North Carolina,2020-03-31,1535
4040,North Dakota,2020-03-31,122
4041,Northern Mariana Islands,2020-03-31,2
4042,Ohio,2020-03-31,2199
4043,Oklahoma,2020-03-31,568
4044,Oregon,2020-03-31,690
4045,Pennsylvania,2020-03-31,4963
4046,Puerto Rico,2020-03-31,239
4047,Rhode Island,2020-03-31,488
4048,South Carolina,2020-03-31,1083
4049,South Dakota,2020-03-31,108
4050,Tennessee,2020-03-31,2391
4051,Texas,2020-03-31,3809
4052,Utah,2020-03-31,888
4053,Vermont,2020-03-31,293
4054,Virgin Islands,2020-03-31,30
4055,Virginia,2020-03-31,1249
4056,Washington,2020-03-31,5432
4057,West Virginia,2020-03-31,162
4058,Wisconsin,2020-03-31,1412
4059,Wyoming,2020-03-31,109
4060,Alabama,2020-04-01,1060
4061,Alaska,2020-04-01,132
4062,American Samoa,2020-04-01,0
4063,Arizona,2020-04-01,1530
4064,Arkansas,2020-04-01,584
4065,California,2020-04-01,9399
4066,Colorado,2020-04-01,2982
4067,Connecticut,2020-04-01,3557
4068,Delaware,2020-04-01,368
4069,Diamond Princess,2020-04-01,49
4070,District of Columbia,2020-04-01,586
4071,Florida,2020-04-01,6956
4072,Georgia,2020-04-01,4638
4073,Grand Princess,2020-04-01,103
4074,Guam,2020-04-01,77
4075,Hawaii,2020-04-01,224
4076,Idaho,2020-04-01,566
4077,Illinois,2020-04-01,6980
4078,Indiana,2020-04-01,2564
4079,Iowa,2020-04-01,547
4080,Kansas,2020-04-01,485
4081,Kentucky,2020-04-01,632
4082,Louisiana,2020-04-01,6424
4083,Maine,2020-04-01,303
4084,Maryland,2020-04-01,1986
4085,Massachusetts,2020-04-01,7738
4086,Michigan,2020-04-01,9315
4087,Minnesota,2020-04-01,689
4088,Mississippi,2020-04-01,1073
4089,Missouri,2020-04-01,1613
4090,Montana,2020-04-01,208
4091,Nebraska,2020-04-01,210
4092,Nevada,2020-04-01,1279
4093,New Hampshire,2020-04-01,357
4094,New Jersey,2020-04-01,22255
4095,New Mexico,2020-04-01,340
4096,New York,2020-04-01,83948
4097,North Carolina,2020-04-01,1675
4098,North Dakota,2020-04-01,142
4099,Northern Mariana Islands,2020-04-01,6
4100,Ohio,2020-04-01,2547
4101,Oklahoma,2020-04-01,721
4102,Oregon,2020-04-01,736
4103,Pennsylvania,2020-04-01,6009
4104,Puerto Rico,2020-04-01,286
4105,Rhode Island,2020-04-01,566
4106,South Carolina,2020-04-01,1293
4107,South Dakota,2020-04-01,129
4108,Tennessee,2020-04-01,2933
4109,Texas,2020-04-01,4355
4110,Utah,2020-04-01,888
4111,Vermont,2020-04-01,321
4112,Virgin Islands,2020-04-01,30
4113,Virginia,2020-04-01,1483
4114,Washington,2020-04-01,5608
4115,West Virginia,2020-04-01,191
4116,Wisconsin,2020-04-01,1556
4117,Wyoming,2020-04-01,130
4118,Alabama,2020-04-02,1233
4119,Alaska,2020-04-02,143
4120,American Samoa,2020-04-02,0
4121,Arizona,2020-04-02,1715
4122,Arkansas,2020-04-02,643
4123,California,2020-04-02,10773
4124,Colorado,2020-04-02,3342
4125,Connecticut,2020-04-02,3824
4126,Delaware,2020-04-02,393
4127,Diamond Princess,2020-04-02,49
4128,District of Columbia,2020-04-02,653
4129,Florida,2020-04-02,9008
4130,Georgia,2020-04-02,5348
4131,Grand Princess,2020-04-02,103
4132,Guam,2020-04-02,82
4133,Hawaii,2020-04-02,256
4134,Idaho,2020-04-02,776
4135,Illinois,2020-04-02,7695
4136,Indiana,2020-04-02,3038
4137,Iowa,2020-04-02,614
4138,Kansas,2020-04-02,553
4139,Kentucky,2020-04-02,770
4140,Louisiana,2020-04-02,9149
4141,Maine,2020-04-02,376
4142,Maryland,2020-04-02,2331
4143,Massachusetts,2020-04-02,8966
4144,Michigan,2020-04-02,10791
4145,Minnesota,2020-04-02,742
4146,Mississippi,2020-04-02,1177
4147,Missouri,2020-04-02,1857
4148,Montana,2020-04-02,241
4149,Nebraska,2020-04-02,246
4150,Nevada,2020-04-02,1463
4151,New Hampshire,2020-04-02,479
4152,New Jersey,2020-04-02,25590
4153,New Mexico,2020-04-02,388
4154,New York,2020-04-02,92506
4155,North Carolina,2020-04-02,1977
4156,North Dakota,2020-04-02,159
4157,Northern Mariana Islands,2020-04-02,6
4158,Ohio,2020-04-02,2901
4159,Oklahoma,2020-04-02,881
4160,Oregon,2020-04-02,826
4161,Pennsylvania,2020-04-02,7268
4162,Puerto Rico,2020-04-02,316
4163,Rhode Island,2020-04-02,645
4164,South Carolina,2020-04-02,1554
4165,South Dakota,2020-04-02,165
4166,Tennessee,2020-04-02,3013
4167,Texas,2020-04-02,5069
4168,Utah,2020-04-02,1092
4169,Vermont,2020-04-02,338
4170,Virgin Islands,2020-04-02,30
4171,Virginia,2020-04-02,1706
4172,Washington,2020-04-02,6389
4173,West Virginia,2020-04-02,216
4174,Wisconsin,2020-04-02,1748
4175,Wyoming,2020-04-02,150
4176,Alabama,2020-04-03,1495
4177,Alaska,2020-04-03,157
4178,American Samoa,2020-04-03,0
4179,Arizona,2020-04-03,1937
4180,Arkansas,2020-04-03,704
4181,California,2020-04-03,12004
4182,Colorado,2020-04-03,3742
4183,Connecticut,2020-04-03,4914
4184,Delaware,2020-04-03,450
4185,Diamond Princess,2020-04-03,49
4186,District of Columbia,2020-04-03,757
4187,Florida,2020-04-03,10268
4188,Georgia,2020-04-03,5831
4189,Grand Princess,2020-04-03,103
4190,Guam,2020-04-03,84
4191,Hawaii,2020-04-03,319
4192,Idaho,2020-04-03,891
4193,Illinois,2020-04-03,8904
4194,Indiana,2020-04-03,3437
4195,Iowa,2020-04-03,699
4196,Kansas,2020-04-03,629
4197,Kentucky,2020-04-03,770
4198,Louisiana,2020-04-03,10297
4199,Maine,2020-04-03,432
4200,Maryland,2020-04-03,2758
4201,Massachusetts,2020-04-03,10402
4202,Michigan,2020-04-03,12744
4203,Minnesota,2020-04-03,788
4204,Mississippi,2020-04-03,1358
4205,Missouri,2020-04-03,1864
4206,Montana,2020-04-03,243
4207,Nebraska,2020-04-03,279
4208,Nevada,2020-04-03,1514
4209,New Hampshire,2020-04-03,479
4210,New Jersey,2020-04-03,29895
4211,New Mexico,2020-04-03,534
4212,New York,2020-04-03,102987
4213,North Carolina,2020-04-03,2251
4214,North Dakota,2020-04-03,173
4215,Northern Mariana Islands,2020-04-03,6
4216,Ohio,2020-04-03,3312
4217,Oklahoma,2020-04-03,990
4218,Oregon,2020-04-03,899
4219,Pennsylvania,2020-04-03,8570
4220,Puerto Rico,2020-04-03,316
4221,Rhode Island,2020-04-03,711
4222,South Carolina,2020-04-03,1700
4223,South Dakota,2020-04-03,187
4224,Tennessee,2020-04-03,3067
4225,Texas,2020-04-03,5734
4226,Utah,2020-04-03,1253
4227,Vermont,2020-04-03,389
4228,Virgin Islands,2020-04-03,37
4229,Virginia,2020-04-03,2012
4230,Washington,2020-04-03,6846
4231,West Virginia,2020-04-03,237
4232,Wisconsin,2020-04-03,2012
4233,Wyoming,2020-04-03,162
4234,Alabama,2020-04-04,1614
4235,Alaska,2020-04-04,171
4236,American Samoa,2020-04-04,0
4237,Arizona,2020-04-04,2187
4238,Arkansas,2020-04-04,743
4239,California,2020-04-04,12837
4240,Colorado,2020-04-04,4188
4241,Connecticut,2020-04-04,5276
4242,Delaware,2020-04-04,593
4243,Diamond Princess,2020-04-04,49
4244,District of Columbia,2020-04-04,902
4245,Florida,2020-04-04,11537
4246,Georgia,2020-04-04,6160
4247,Grand Princess,2020-04-04,103
4248,Guam,2020-04-04,93
4249,Hawaii,2020-04-04,351
4250,Idaho,2020-04-04,1022
4251,Illinois,2020-04-04,10357
4252,Indiana,2020-04-04,3953
4253,Iowa,2020-04-04,787
4254,Kansas,2020-04-04,698
4255,Kentucky,2020-04-04,917
4256,Louisiana,2020-04-04,12496
4257,Maine,2020-04-04,456
4258,Maryland,2020-04-04,3125
4259,Massachusetts,2020-04-04,11736
4260,Michigan,2020-04-04,14225
4261,Minnesota,2020-04-04,865
4262,Mississippi,2020-04-04,1455
4263,Missouri,2020-04-04,2310
4264,Montana,2020-04-04,265
4265,Nebraska,2020-04-04,321
4266,Nevada,2020-04-04,1742
4267,New Hampshire,2020-04-04,540
4268,New Jersey,2020-04-04,34124
4269,New Mexico,2020-04-04,534
4270,New York,2020-04-04,113833
4271,North Carolina,2020-04-04,2486
4272,North Dakota,2020-04-04,186
4273,Northern Mariana Islands,2020-04-04,6
4274,Ohio,2020-04-04,3739
4275,Oklahoma,2020-04-04,1161
4276,Oregon,2020-04-04,899
4277,Pennsylvania,2020-04-04,10444
4278,Puerto Rico,2020-04-04,452
4279,Rhode Island,2020-04-04,806
4280,South Carolina,2020-04-04,1917
4281,South Dakota,2020-04-04,212
4282,Tennessee,2020-04-04,3322
4283,Texas,2020-04-04,6567
4284,Utah,2020-04-04,1432
4285,Vermont,2020-04-04,461
4286,Virgin Islands,2020-04-04,40
4287,Virginia,2020-04-04,2407
4288,Washington,2020-04-04,7247
4289,West Virginia,2020-04-04,282
4290,Wisconsin,2020-04-04,2030
4291,Wyoming,2020-04-04,187
4292,Alabama,2020-04-05,1765
4293,Alaska,2020-04-05,185
4294,American Samoa,2020-04-05,0
4295,Arizona,2020-04-05,2486
4296,Arkansas,2020-04-05,837
4297,California,2020-04-05,15034
4298,Colorado,2020-04-05,4950
4299,Connecticut,2020-04-05,5675
4300,Delaware,2020-04-05,673
4301,Diamond Princess,2020-04-05,49
4302,District of Columbia,2020-04-05,1002
4303,Florida,2020-04-05,12350
4304,Georgia,2020-04-05,6647
4305,Grand Princess,2020-04-05,103
4306,Guam,2020-04-05,112
4307,Hawaii,2020-04-05,371
4308,Idaho,2020-04-05,1078
4309,Illinois,2020-04-05,11259
4310,Indiana,2020-04-05,4411
4311,Iowa,2020-04-05,869
4312,Kansas,2020-04-05,751
4313,Kentucky,2020-04-05,955
4314,Louisiana,2020-04-05,13010
4315,Maine,2020-04-05,470
4316,Maryland,2020-04-05,3617
4317,Massachusetts,2020-04-05,12500
4318,Michigan,2020-04-05,15718
4319,Minnesota,2020-04-05,935
4320,Mississippi,2020-04-05,1638
4321,Missouri,2020-04-05,2347
4322,Montana,2020-04-05,286
4323,Nebraska,2020-04-05,364
4324,Nevada,2020-04-05,1855
4325,New Hampshire,2020-04-05,621
4326,New Jersey,2020-04-05,37505
4327,New Mexico,2020-04-05,670
4328,New York,2020-04-05,123160
4329,North Carolina,2020-04-05,2649
4330,North Dakota,2020-04-05,207
4331,Northern Mariana Islands,2020-04-05,6
4332,Ohio,2020-04-05,4043
4333,Oklahoma,2020-04-05,1254
4334,Oregon,2020-04-05,1068
4335,Pennsylvania,2020-04-05,11589
4336,Puerto Rico,2020-04-05,475
4337,Rhode Island,2020-04-05,922
4338,South Carolina,2020-04-05,2049
4339,South Dakota,2020-04-05,240
4340,Tennessee,2020-04-05,3633
4341,Texas,2020-04-05,7209
4342,Utah,2020-04-05,1603
4343,Vermont,2020-04-05,512
4344,Virgin Islands,2020-04-05,42
4345,Virginia,2020-04-05,2640
4346,Washington,2020-04-05,7825
4347,West Virginia,2020-04-05,324
4348,Wisconsin,2020-04-05,2320
4349,Wyoming,2020-04-05,197
4350,Alabama,2020-04-06,1952
4351,Alaska,2020-04-06,190
4352,American Samoa,2020-04-06,0
4353,Arizona,2020-04-06,2732
4354,Arkansas,2020-04-06,875
4355,California,2020-04-06,16019
4356,Colorado,2020-04-06,5183
4357,Connecticut,2020-04-06,6906
4358,Delaware,2020-04-06,783
4359,Diamond Princess,2020-04-06,49
4360,District of Columbia,2020-04-06,1097
4361,Florida,2020-04-06,13324
4362,Georgia,2020-04-06,7314
4363,Grand Princess,2020-04-06,103
4364,Guam,2020-04-06,113
4365,Hawaii,2020-04-06,387
4366,Idaho,2020-04-06,1101
4367,Illinois,2020-04-06,12262
4368,Indiana,2020-04-06,4956
4369,Iowa,2020-04-06,946
4370,Kansas,2020-04-06,849
4371,Kentucky,2020-04-06,955
4372,Louisiana,2020-04-06,14867
4373,Maine,2020-04-06,499
4374,Maryland,2020-04-06,4045
4375,Massachusetts,2020-04-06,13837
4376,Michigan,2020-04-06,17221
4377,Minnesota,2020-04-06,986
4378,Mississippi,2020-04-06,1738
4379,Missouri,2020-04-06,2736
4380,Montana,2020-04-06,299
4381,Nebraska,2020-04-06,417
4382,Nevada,2020-04-06,1953
4383,New Hampshire,2020-04-06,715
4384,New Jersey,2020-04-06,41090
4385,New Mexico,2020-04-06,757
4386,New York,2020-04-06,131815
4387,North Carolina,2020-04-06,2962
4388,North Dakota,2020-04-06,225
4389,Northern Mariana Islands,2020-04-06,6
4390,Ohio,2020-04-06,4453
4391,Oklahoma,2020-04-06,1329
4392,Oregon,2020-04-06,1068
4393,Pennsylvania,2020-04-06,13127
4394,Puerto Rico,2020-04-06,513
4395,Rhode Island,2020-04-06,1082
4396,South Carolina,2020-04-06,2232
4397,South Dakota,2020-04-06,288
4398,Tennessee,2020-04-06,3802
4399,Texas,2020-04-06,8043
4400,Utah,2020-04-06,1680
4401,Vermont,2020-04-06,543
4402,Virgin Islands,2020-04-06,43
4403,Virginia,2020-04-06,2878
4404,Washington,2020-04-06,8311
4405,West Virginia,2020-04-06,345
4406,Wisconsin,2020-04-06,2449
4407,Wyoming,2020-04-06,210
4408,Alabama,2020-04-07,2169
4409,Alaska,2020-04-07,213
4410,American Samoa,2020-04-07,0
4411,Arizona,2020-04-07,2870
4412,Arkansas,2020-04-07,946
4413,California,2020-04-07,17351
4414,Colorado,2020-04-07,5429
4415,Connecticut,2020-04-07,7781
4416,Delaware,2020-04-07,928
4417,Diamond Princess,2020-04-07,49
4418,District of Columbia,2020-04-07,1211
4419,Florida,2020-04-07,14545
4420,Georgia,2020-04-07,8822
4421,Grand Princess,2020-04-07,103
4422,Guam,2020-04-07,121
4423,Hawaii,2020-04-07,410
4424,Idaho,2020-04-07,1170
4425,Illinois,2020-04-07,12271
4426,Indiana,2020-04-07,5510
4427,Iowa,2020-04-07,1046
4428,Kansas,2020-04-07,912
4429,Kentucky,2020-04-07,1149
4430,Louisiana,2020-04-07,16284
4431,Maine,2020-04-07,519
4432,Maryland,2020-04-07,4371
4433,Massachusetts,2020-04-07,15202
4434,Michigan,2020-04-07,18970
4435,Minnesota,2020-04-07,1069
4436,Mississippi,2020-04-07,1915
4437,Missouri,2020-04-07,3130
4438,Montana,2020-04-07,319
4439,Nebraska,2020-04-07,447
4440,Nevada,2020-04-07,2124
4441,New Hampshire,2020-04-07,715
4442,New Jersey,2020-04-07,44416
4443,New Mexico,2020-04-07,876
4444,New York,2020-04-07,139875
4445,North Carolina,2020-04-07,3299
4446,North Dakota,2020-04-07,237
4447,Northern Mariana Islands,2020-04-07,6
4448,Ohio,2020-04-07,4782
4449,Oklahoma,2020-04-07,1474
4450,Oregon,2020-04-07,1132
4451,Pennsylvania,2020-04-07,14853
4452,Puerto Rico,2020-04-07,573
4453,Rhode Island,2020-04-07,1229
4454,South Carolina,2020-04-07,2417
4455,South Dakota,2020-04-07,320
4456,Tennessee,2020-04-07,4139
4457,Texas,2020-04-07,8925
4458,Utah,2020-04-07,1746
4459,Vermont,2020-04-07,575
4460,Virgin Islands,2020-04-07,43
4461,Virginia,2020-04-07,3335
4462,Washington,2020-04-07,8692
4463,West Virginia,2020-04-07,412
4464,Wisconsin,2020-04-07,2578
4465,Wyoming,2020-04-07,216
4466,Alabama,2020-04-08,2328
4467,Alaska,2020-04-08,226
4468,American Samoa,2020-04-08,0
4469,Arizona,2020-04-08,3036
4470,Arkansas,2020-04-08,1000
4471,California,2020-04-08,18897
4472,Colorado,2020-04-08,5655
4473,Connecticut,2020-04-08,7781
4474,Delaware,2020-04-08,1116
4475,Diamond Princess,2020-04-08,49
4476,District of Columbia,2020-04-08,1440
4477,Florida,2020-04-08,15456
4478,Georgia,2020-04-08,9901
4479,Grand Princess,2020-04-08,103
4480,Guam,2020-04-08,121
4481,Hawaii,2020-04-08,410
4482,Idaho,2020-04-08,1210
4483,Illinois,2020-04-08,15078
4484,Indiana,2020-04-08,5943
4485,Iowa,2020-04-08,1145
4486,Kansas,2020-04-08,1046
4487,Kentucky,2020-04-08,1149
4488,Louisiana,2020-04-08,17030
4489,Maine,2020-04-08,537
4490,Maryland,2020-04-08,5529
4491,Massachusetts,2020-04-08,16790
4492,Michigan,2020-04-08,20346
4493,Minnesota,2020-04-08,1154
4494,Mississippi,2020-04-08,2003
4495,Missouri,2020-04-08,3209
4496,Montana,2020-04-08,332
4497,Nebraska,2020-04-08,519
4498,Nevada,2020-04-08,2259
4499,New Hampshire,2020-04-08,747
4500,New Jersey,2020-04-08,47437
4501,New Mexico,2020-04-08,902
4502,New York,2020-04-08,151061
4503,North Carolina,2020-04-08,3499
4504,North Dakota,2020-04-08,251
4505,Northern Mariana Islands,2020-04-08,6
4506,Ohio,2020-04-08,5148
4507,Oklahoma,2020-04-08,1526
4508,Oregon,2020-04-08,1181
4509,Pennsylvania,2020-04-08,16631
4510,Puerto Rico,2020-04-08,620
4511,Rhode Island,2020-04-08,1450
4512,South Carolina,2020-04-08,2417
4513,South Dakota,2020-04-08,393
4514,Tennessee,2020-04-08,4363
4515,Texas,2020-04-08,9777
4516,Utah,2020-04-08,1855
4517,Vermont,2020-04-08,605
4518,Virgin Islands,2020-04-08,45
4519,Virginia,2020-04-08,3645
4520,Washington,2020-04-08,9276
4521,West Virginia,2020-04-08,483
4522,Wisconsin,2020-04-08,2710
4523,Wyoming,2020-04-08,221
4524,Alabama,2020-04-09,2703
4525,Alaska,2020-04-09,235
4526,American Samoa,2020-04-09,0
4527,Arizona,2020-04-09,3018
4528,Arkansas,2020-04-09,1119
4529,California,2020-04-09,19710
4530,Colorado,2020-04-09,5655
4531,Connecticut,2020-04-09,9784
4532,Delaware,2020-04-09,1209
4533,Diamond Princess,2020-04-09,49
4534,District of Columbia,2020-04-09,1523
4535,Florida,2020-04-09,16364
4536,Georgia,2020-04-09,10566
4537,Grand Princess,2020-04-09,103
4538,Guam,2020-04-09,128
4539,Hawaii,2020-04-09,442
4540,Idaho,2020-04-09,1232
4541,Illinois,2020-04-09,15079
4542,Indiana,2020-04-09,6351
4543,Iowa,2020-04-09,1270
4544,Kansas,2020-04-09,1116
4545,Kentucky,2020-04-09,1341
4546,Louisiana,2020-04-09,18283
4547,Maine,2020-04-09,560
4548,Maryland,2020-04-09,6185
4549,Massachusetts,2020-04-09,18941
4550,Michigan,2020-04-09,21504
4551,Minnesota,2020-04-09,1240
4552,Mississippi,2020-04-09,2260
4553,Missouri,2020-04-09,3432
4554,Montana,2020-04-09,354
4555,Nebraska,2020-04-09,568
4556,Nevada,2020-04-09,2456
4557,New Hampshire,2020-04-09,819
4558,New Jersey,2020-04-09,51027
4559,New Mexico,2020-04-09,865
4560,New York,2020-04-09,161779
4561,North Carolina,2020-04-09,3736
4562,North Dakota,2020-04-09,269
4563,Northern Mariana Islands,2020-04-09,6
4564,Ohio,2020-04-09,5512
4565,Oklahoma,2020-04-09,1686
4566,Oregon,2020-04-09,1321
4567,Pennsylvania,2020-04-09,18300
4568,Puerto Rico,2020-04-09,683
4569,Rhode Island,2020-04-09,1727
4570,South Carolina,2020-04-09,2793
4571,South Dakota,2020-04-09,447
4572,Tennessee,2020-04-09,4634
4573,Texas,2020-04-09,11208
4574,Utah,2020-04-09,1856
4575,Vermont,2020-04-09,628
4576,Virgin Islands,2020-04-09,45
4577,Virginia,2020-04-09,4042
4578,Washington,2020-04-09,9639
4579,West Virginia,2020-04-09,514
4580,Wisconsin,2020-04-09,2886
4581,Wyoming,2020-04-09,230
4582,Alabama,2020-04-10,2947
4583,Alaska,2020-04-10,246
4584,American Samoa,2020-04-10,0
4585,Arizona,2020-04-10,3112
4586,Arkansas,2020-04-10,1171
4587,California,2020-04-10,21081
4588,Colorado,2020-04-10,6202
4589,Connecticut,2020-04-10,10538
4590,Delaware,2020-04-10,1326
4591,Diamond Princess,2020-04-10,49
4592,District of Columbia,2020-04-10,1660
4593,Florida,2020-04-10,17531
4594,Georgia,2020-04-10,11485
4595,Grand Princess,2020-04-10,103
4596,Guam,2020-04-10,130
4597,Hawaii,2020-04-10,442
4598,Idaho,2020-04-10,1354
4599,Illinois,2020-04-10,17887
4600,Indiana,2020-04-10,6907
4601,Iowa,2020-04-10,1388
4602,Kansas,2020-04-10,1117
4603,Kentucky,2020-04-10,1693
4604,Louisiana,2020-04-10,19253
4605,Maine,2020-04-10,586
4606,Maryland,2020-04-10,6968
4607,Massachusetts,2020-04-10,20974
4608,Michigan,2020-04-10,22434
4609,Minnesota,2020-04-10,1336
4610,Mississippi,2020-04-10,2469
4611,Missouri,2020-04-10,3897
4612,Montana,2020-04-10,365
4613,Nebraska,2020-04-10,635
4614,Nevada,2020-04-10,2722
4615,New Hampshire,2020-04-10,819
4616,New Jersey,2020-04-10,54588
4617,New Mexico,2020-04-10,1081
4618,New York,2020-04-10,172348
4619,North Carolina,2020-04-10,3965
4620,North Dakota,2020-04-10,278
4621,Northern Mariana Islands,2020-04-10,6
4622,Ohio,2020-04-10,5878
4623,Oklahoma,2020-04-10,1794
4624,Oregon,2020-04-10,1322
4625,Pennsylvania,2020-04-10,20051
4626,Puerto Rico,2020-04-10,725
4627,Rhode Island,2020-04-10,1727
4628,South Carolina,2020-04-10,3067
4629,South Dakota,2020-04-10,536
4630,Tennessee,2020-04-10,4891
4631,Texas,2020-04-10,12105
4632,Utah,2020-04-10,2103
4633,Vermont,2020-04-10,679
4634,Virgin Islands,2020-04-10,50
4635,Virginia,2020-04-10,4509
4636,Washington,2020-04-10,10119
4637,West Virginia,2020-04-10,574
4638,Wisconsin,2020-04-10,3068
4639,Wyoming,2020-04-10,239
4640,Alabama,2020-04-11,3217
4641,Alaska,2020-04-11,257
4642,American Samoa,2020-04-11,0
4643,Arizona,2020-04-11,3393
4644,Arkansas,2020-04-11,1228
4645,California,2020-04-11,21706
4646,Colorado,2020-04-11,6513
4647,Connecticut,2020-04-11,11510
4648,Delaware,2020-04-11,1479
4649,Diamond Princess,2020-04-11,49
4650,District of Columbia,2020-04-11,1778
4651,Florida,2020-04-11,18494
4652,Georgia,2020-04-11,12159
4653,Grand Princess,2020-04-11,103
4654,Guam,2020-04-11,133
4655,Hawaii,2020-04-11,465
4656,Idaho,2020-04-11,1396
4657,Illinois,2020-04-11,19180
4658,Indiana,2020-04-11,7435
4659,Iowa,2020-04-11,1510
4660,Kansas,2020-04-11,1275
4661,Kentucky,2020-04-11,1693
4662,Louisiana,2020-04-11,20014
4663,Maine,2020-04-11,616
4664,Maryland,2020-04-11,7694
4665,Massachusetts,2020-04-11,22860
4666,Michigan,2020-04-11,23605
4667,Minnesota,2020-04-11,1427
4668,Mississippi,2020-04-11,2642
4669,Missouri,2020-04-11,4108
4670,Montana,2020-04-11,377
4671,Nebraska,2020-04-11,699
4672,Nevada,2020-04-11,2702
4673,New Hampshire,2020-04-11,885
4674,New Jersey,2020-04-11,58151
4675,New Mexico,2020-04-11,1091
4676,New York,2020-04-11,181026
4677,North Carolina,2020-04-11,4354
4678,North Dakota,2020-04-11,293
4679,Northern Mariana Islands,2020-04-11,6
4680,Ohio,2020-04-11,6250
4681,Oklahoma,2020-04-11,1868
4682,Oregon,2020-04-11,1371
4683,Pennsylvania,2020-04-11,21719
4684,Puerto Rico,2020-04-11,788
4685,Rhode Island,2020-04-11,2349
4686,South Carolina,2020-04-11,3211
4687,South Dakota,2020-04-11,626
4688,Tennessee,2020-04-11,5132
4689,Texas,2020-04-11,13023
4690,Utah,2020-04-11,2207
4691,Vermont,2020-04-11,711
4692,Virgin Islands,2020-04-11,51
4693,Virginia,2020-04-11,5077
4694,Washington,2020-04-11,10434
4695,West Virginia,2020-04-11,577
4696,Wisconsin,2020-04-11,3213
4697,Wyoming,2020-04-11,261
